"","team_id","team_name"
"1",235,"Memphis"
"2",153,"North Carolina"
"3",202,"Tulsa"
"4",194,"Ohio State"
"5",71,"Bradley"
"6",57,"Florida"
"7",2305,"Kansas"
"8",26,"UCLA"
"9",251,"Texas"
"10",275,"Wisconsin"
"11",2633,"Tennessee"
"12",2752,"Xavier"
"13",259,"Virginia Tech"
"14",258,"Virginia"
"15",9,"Arizona St"
"16",183,"Syracuse"
"17",145,"Ole Miss"
"18",248,"Houston"
"19",2287,"Illinois St"
"20",97,"Louisville"
"21",98,"Western KY"
"22",46,"Georgetown"
"23",222,"Villanova"
"24",221,"Pitt"
"25",24,"Stanford"
"26",265,"Washington St"
"27",150,"Duke"
"28",113,"UMass"
"29",228,"Clemson"
"30",84,"Indiana"
"31",344,"Mississippi St"
"32",238,"Vanderbilt"
"33",201,"Oklahoma"
"34",41,"UConn"
"35",2086,"Butler"
"36",2181,"Drake"
"37",2390,"Miami"
"38",2250,"Gonzaga"
"39",277,"West Virginia"
"40",87,"Notre Dame"
"41",252,"BYU"
"42",30,"USC"
"43",2509,"Purdue"
"44",2439,"UNLV"
"45",269,"Marquette"
"46",127,"Michigan St"
"47",25,"California"
"48",158,"Nebraska"
"49",2638,"UTEP"
"50",264,"Washington"
"51",2670,"VCU"
"52",2168,"Dayton"
"53",156,"Creighton"
"54",135,"Minnesota"
"55",79,"S Illinois"
"56",52,"Florida St"
"57",2440,"Nevada"
"58",2154,"Coppin St"
"59",295,"Old Dominion"
"60",195,"Ohio"
"61",8,"Arkansas"
"62",2466,"N'Western St"
"63",2239,"Fullerton"
"64",166,"New Mexico St"
"65",2415,"Morgan St"
"66",2400,"Miss Valley St"
"67",2309,"Kent State"
"68",218,"Temple"
"69",2736,"Win Salem"
"70",96,"Kentucky"
"71",2378,"UMBC"
"72",2463,"CSU Northridge"
"73",2617,"SF Austin"
"74",2306,"Kansas St"
"75",2011,"Alabama St"
"76",2540,"UCSB"
"77",2450,"Norfolk St"
"78",328,"Utah State"
"79",2711,"W Michigan"
"80",2534,"Sam Houston"
"81",44,"American"
"82",279,"Pacific"
"83",167,"New Mexico"
"84",2545,"SE Louisiana"
"85",2116,"UCF"
"86",245,"Texas A&M"
"87",120,"Maryland"
"88",2296,"Jackson St"
"89",2169,"Delaware St"
"90",59,"Georgia Tech"
"91",21,"San Diego St"
"92",2010,"Alabama A&M"
"93",239,"Baylor"
"94",2006,"Akron"
"95",257,"Richmond"
"96",213,"Penn State"
"97",68,"Boise St"
"98",2320,"Lamar"
"99",99,"LSU"
"100",5,"UAB"
"101",2641,"Texas Tech"
"102",2294,"Iowa"
"103",154,"Wake Forest"
"104",13,"Cal Poly"
"105",12,"Arizona"
"106",2572,"Southern Miss"
"107",2261,"Hampton"
"108",2502,"Portland St"
"109",2429,"Charlotte"
"110",300,"UC Irvine"
"111",193,"Miami OH"
"112",2529,"Sacred Heart"
"113",276,"Marshall"
"114",2325,"La Salle"
"115",2649,"Toledo"
"116",2117,"C Michigan"
"117",50,"FAMU"
"118",2603,"Saint Joseph's"
"119",2751,"Wyoming"
"120",2199,"E Michigan"
"121",23,"San José St"
"122",2569,"SC State"
"123",2464,"N Arizona"
"124",198,"Oral Roberts"
"125",163,"Princeton"
"126",2031,"Little Rock"
"127",85,"IUPUI"
"128",2166,"Davidson"
"129",6,"South Alabama"
"130",2561,"Siena"
"131",2244,"George Mason"
"132",2608,"Saint Mary's"
"133",2473,"Oakland"
"134",232,"Charleston"
"135",2520,"Rider"
"136",253,"Southern Utah"
"137",2681,"Wagner"
"138",350,"UNC Wilmington"
"139",130,"Michigan"
"140",2393,"MTSU"
"141",2523,"Robert Morris"
"142",42,"Hartford"
"143",2550,"Seton Hall"
"144",2142,"Colgate"
"145",301,"San Diego"
"146",2483,"Oregon"
"147",70,"Idaho"
"148",278,"Fresno St"
"149",27,"UC Riverside"
"150",315,"Niagara"
"151",290,"Georgia So"
"152",2692,"Weber St"
"153",2541,"Santa Clara"
"154",304,"Idaho St"
"155",2016,"Alcorn St"
"156",399,"Albany"
"157",2628,"TCU"
"158",2348,"Louisiana Tech"
"159",2507,"Providence"
"160",45,"G Washington"
"161",299,"Long Beach St"
"162",58,"South Florida"
"163",2655,"Tulane"
"164",2057,"Belmont"
"165",236,"Chattanooga"
"166",227,"Rhode Island"
"167",219,"Penn"
"168",159,"Dartmouth"
"169",108,"Harvard"
"170",2447,"Nicholls"
"171",204,"Oregon St"
"172",36,"Colorado St"
"173",2582,"Southern"
"174",2046,"Austin Peay"
"175",326,"Texas St"
"176",325,"Cleveland St"
"177",2026,"Appalachian St"
"178",2184,"Duquesne"
"179",66,"Iowa State"
"180",61,"Georgia"
"181",103,"Boston College"
"182",77,"Northwestern"
"183",2636,"UTSA"
"184",2005,"Air Force"
"185",242,"Rice"
"186",261,"Vermont"
"187",2352,"Loyola MD"
"188",333,"Alabama"
"189",357,"Texas A&M-CC"
"190",2230,"Fordham"
"191",356,"Illinois"
"192",2599,"St John's"
"193",2427,"UNC Asheville"
"194",2492,"Pepperdine"
"195",314,"Iona"
"196",2539,"San Francisco"
"197",93,"Murray St"
"198",111,"Northeastern"
"199",82,"UIC"
"200",2363,"Manhattan"
"201",2619,"Stony Brook"
"202",294,"Jacksonville"
"203",2750,"Wright St"
"204",48,"Delaware"
"205",2210,"Elon"
"206",2747,"Wofford"
"207",2729,"William & Mary"
"208",2275,"Hofstra"
"209",2623,"Missouri St"
"210",2193,"ETSU"
"211",2029,"AR-Pine Bluff"
"212",2448,"NC A&T"
"213",2132,"Cincinnati"
"214",282,"Indiana St"
"215",116,"Mount St Mary"
"216",2737,"Winthrop"
"217",56,"Stetson"
"218",309,"Louisiana"
"219",2567,"SMU"
"220",2443,"New Orleans"
"221",249,"North Texas"
"222",2377,"McNeese"
"223",197,"Oklahoma St"
"224",142,"Missouri"
"225",2,"Auburn"
"226",2329,"Lehigh"
"227",2226,"FAU"
"228",2579,"South Carolina"
"229",2426,"Navy"
"230",179,"St Bonaventure"
"231",2934,"Bakersfield"
"232",254,"Utah"
"233",2674,"Valparaiso"
"234",2630,"UT Martin"
"235",270,"Milwaukee"
"236",2413,"Morehead St"
"237",2335,"Liberty"
"238",2272,"High Point"
"239",2084,"Buffalo"
"240",2050,"Ball State"
"241",16,"Sacramento St"
"242",2501,"Portland"
"243",2755,"Grambling"
"244",2640,"Texas Southern"
"245",2504,"Prairie View"
"246",47,"Howard"
"247",2065,"Bethune"
"248",2430,"UNC Greensboro"
"249",2368,"Marist"
"250",2612,"Saint Peter's"
"251",305,"DePaul"
"252",62,"Hawai'i"
"253",302,"UC Davis"
"254",288,"Lipscomb"
"255",3084,"Utah Valley"
"256",147,"Montana St"
"257",149,"Montana"
"258",2571,"S Dakota St"
"259",2546,"SE Missouri St"
"260",2433,"UL Monroe"
"261",2197,"E Illinois"
"262",2739,"Green Bay"
"263",339,"Evansville"
"264",140,"Kansas City"
"265",2449,"N Dakota St"
"266",43,"Yale"
"267",2229,"FIU"
"268",2127,"Charleston So"
"269",164,"Rutgers"
"270",526,"FGCU"
"271",2754,"Youngstown St"
"272",2198,"E Kentucky"
"273",2110,"C Arkansas"
"274",172,"Cornell"
"275",171,"Columbia"
"276",161,"Fair Dickinson"
"277",151,"East Carolina"
"278",225,"Brown"
"279",38,"Colorado"
"280",2908,"SC Upstate"
"281",2379,"MD-Eastern"
"282",119,"Towson"
"283",2459,"N Illinois"
"284",349,"Army"
"285",112358,"Long Island"
"286",256,"James Madison"
"287",139,"Saint Louis"
"288",2678,"VMI"
"289",189,"Bowling Green"
"290",152,"NC State"
"291",2382,"Mercer"
"292",2217,"Fairfield"
"293",2032,"Arkansas St"
"294",2643,"The Citadel"
"295",2717,"W Carolina"
"296",2635,"Tennessee Tech"
"297",2597,"St Francis BK"
"298",2542,"Savannah State"
"299",2405,"Monmouth"
"300",2115,"C Connecticut"
"301",311,"Maine"
"302",160,"New Hampshire"
"303",104,"Boston Univ"
"304",2653,"Troy"
"305",2460,"Northern Iowa"
"306",2130,"Chicago St"
"307",250,"UT Arlington"
"308",2247,"Georgia St"
"309",2182,"Drexel"
"310",2066,"Binghamton"
"311",107,"Holy Cross"
"312",2724,"Wichita St"
"313",2097,"Campbell"
"314",2172,"Denver"
"315",2458,"N Colorado"
"316",2241,"Gardner-Webb"
"317",55,"J'Ville St"
"318",2099,"Canisius"
"319",2598,"St Francis PA"
"320",2113,"Centenary LA"
"321",2454,"North Florida"
"322",2174,"Detroit Mercy"
"323",2870,"Purdue FW"
"324",2515,"Radford"
"325",2514,"Quinnipiac"
"326",2351,"LMU"
"327",322,"Lafayette"
"328",2344,"Longwood"
"329",2350,"Loyola Chicago"
"330",2428,"NC Central"
"331",2083,"Bucknell"
"332",2634,"Tennessee St"
"333",324,"Coast Car"
"334",231,"Furman"
"335",331,"E Washington"
"336",2710,"W Illinois"
"337",2535,"Samford"
"338",338,"Kennesaw St"
"339",2885,"NJIT"
"340",2506,"Presbyterian"
"341",292,"UT Rio Grande"
"342",2503,"PR Mayaguez"
"343",2494,"Philander Smith"
"344",1,"AK-Anchorage"
"345",2124,"Chaminade"
"346",298,"Alaska"
"347",612,"Simpson"
"348",2611,"St. Pauls "
"349",155,"North Dakota"
"350",233,"South Dakota"
"351",2547,"Seattle U"
"352",2565,"SIUE"
"353",2277,"Hou Christian"
"354",2803,"Bryant"
"355",2587,"SW MN St"
"356",2889,"PRBayamo"
"357",435,"University of Puerto"
"358",2489,"Palm Beach Atl"
"359",3078,"William Jessup"
"360",2704,"WTexAM"
"361",229,"Coker College"
"362",2742,"WI Parkside"
"363",430,"Post"
"364",303,"Rollins "
"365",2804,"Chowan"
"366",3066,"Concordia-St. P"
"367",2392,"Michigan Tech"
"368",2475,"Occidental"
"369",3157,"Ark Fort Smith"
"370",2028,"Ark Monticello"
"371",3173,"Pensacola"
"372",3129,"Victory College"
"373",3170,"St. Thomas (TX)"
"374",2163,"Dallas"
"375",2938,"Huntingdon"
"376",3117,"Carver College"
"377",2957,"Dominican (CA)"
"378",2410,"Montreat "
"379",2947,"Rochester Univ."
"380",241,"McMurry"
"381",3105,"Southeastern"
"382",2691,"Webber Int"
"383",2863,"CS Monterey Bay"
"384",3,"Birm-Southern"
"385",2401,"MS College"
"386",2347,"LA Christian"
"387",3134,"Champ. Christ."
"388",2437,"Omaha"
"389",2048,"Avila"
"390",2687,"Washburn"
"391",3065,"Briar Cliff"
"392",3094,"Joh. & Wales CO"
"393",2267,"Hawaii-Hilo"
"394",2642,"TX Wesleyan"
"395",491,"Benedictine"
"396",3167,"La Sierra"
"397",2695,"West Alabama"
"398",129,"SagValSt"
"399",2177,"Dist of Col"
"400",94,"N Kentucky"
"401",65,"Grinnell"
"402",2133,"Claflin"
"403",2253,"Grand Canyon"
"404",2000,"Abilene Chrstn"
"405",2349,"UMass Lowell"
"406",2916,"Incarnate Word"
"407",3141,"No New Mexico"
"408",2588,"Southwestern TX"
"409",2703,"W New Mexico"
"410",2389,"Metro State"
"411",2281,"Hus-Till"
"412",386,"Trinity (TX)"
"413",60,"Morehouse"
"414",585,"Northwood"
"415",108817,"LSU Alexandria"
"416",2827,"Rowan"
"417",108806,"Mid-Atl Chr"
"418",3178,"Ave Maria"
"419",2856,"CA Baptist"
"420",2453,"North Alabama"
"421",3154,"Southwest"
"422",6183,"Humboldt St"
"423",3101,"Utah Tech"
"424",28,"UC San Diego"
"425",91,"Bellarmine"
"426",2627,"Tarleton"
"427",2771,"Merrimack"
"428",2716,"Westmont"
"429",111946,"Carver"
"430",107730,"Florida Natl"
"431",3188,"AZ Christian"
"432",2511,"Queens"
"433",2900,"St Thomas (MN)"
"434",111982,"Virgin Islands"
"435",88,"So Indiana"
"436",2540,"Santa Barbara"
"437",2627,"Tarleton St"
"438",116,"Mount St Marys"
"439",2837,"Texas A&M-Comm"
"440",290,"GA Southern"
"441",2546,"SE Missouri"
"442",324,"Coastal Car"
"443",50,"Florida A&M"
"444",399,"UAlbany"
"445",2815,"Lindenwood"
"446",104,"Boston U"
"447",284,"Stonehill"
"448",2370,"UT Southern"
"449",107554,"Immaculata"
"450",2330,"Le Moyne"
"451",3246,"Bethesda"
"452",437,"Lake Erie"
"453",55,"Jax State"
"454",2026,"App State"
"455",2598,"Saint Francis"
"456",161,"FDU"
"457",2837,"E Texas A&M"
"458",62,"Hawai’i"
"459",2379,"MD Eastern"
"460",85,"IU Indy"
"461",324,"Coastal"
"462",2385,"Mercyhurst"
"463",2698,"West Georgia"
"464",486,"Aquinas"
"465",53,"Florida Tech"
"466",435,"PR-Rio Piedras"
"467",2889,"PR-Bayamon"
"468",109670,"Life Pacific"
"469",2753,"Xavier (LA)"
"470",-1,"TBD"
"471",2441,"New Haven"
"472",2119,"Cent St OH"
"473",2331,"Lenoir Rhyne"
"474",3077,"Kentucky Chr"
"475",2896,"Southern VA"
"476",2019,"Allen Univ"
"477",2179,"Dominican NY"
"478",2288,"IN South Bend"
"479",391,"Oberlin "
"480",404,"Alvernia College"
"481",408,"WA Adventist"
"482",3091,"Hope Inter."
"483",2824,"Panhandle St"
"484",3097,"Johnson FL"
"485",3122,"Rogers State"
"486",2213,"Emory & Henry"
"487",3121,"Ohio Christian"
"488",2728,"Wiley"
"489",2683,"Warner"
"490",455,"West VA Wesleyan"
"491",428,"Nyack College"
"492",216,"Susqueha"
"493",2290,"IND Wesleyan"
"494",3081,"TX-Permian Basin"
"495",2336,"Limestone"
"496",2573,"So New Orleans"
"497",2616,"Stanislaus St"
"498",2155,"Cornell Co (IA)"
"499",2123,"Chadron State"
"500",2148,"Concord"
"501",2176,"Dillard"
"502",2860,"Cent Methodist"
"503",273,"MacMurray College"
"504",148,"MT Tech"
"505",510,"Culver-Stockton"
"506",2491,"Paul Quinn"
"507",2859,"Cascade"
"508",2887,"NW Nazarene"
"509",2714,"Western St."
"510",2730,"William Carey"
"511",2899,"St. Mary's (MN)"
"512",2358,"Lyon College"
"513",2875,"Lee"
"514",2810,"Hardin-Simmons"
"515",215,"Slippery Rock"
"516",342,"Polytechnic"
"517",2838,"Tiffin"
"518",2866,"Evergreen State"
"519",3082,"TX A&M-Intl"
"520",387,"Indiana Southeast"
"521",2862,"CO Christian"
"522",3086,"TX-Tyler"
"523",531,"Providence (MT)"
"524",2036,"Asbury"
"525",2585,"Vanguard"
"526",2040,"Aub.-Montgomery"
"527",366,"Ferrum"
"528",535,"Haskell"
"529",2671,"VA Intermont"
"530",2842,"Virginia-Wise"
"531",630,"Wayland Baptist"
"532",2685,"Wartburg"
"533",2262,"Hanover"
"534",209,"Lock Haven"
"535",3119,"Daniel Webster"
"536",495,"Bluefield U"
"537",2890,"Reinhardt"
"538",2932,"Atlanta Christian"
"539",2701,"Montana-Western"
"540",380,"Anderson (SC)"
"541",2521,"Rio Grande"
"542",2232,"Fort Valley St"
"543",3111,"Apprentice"
"544",2056,"Belhaven"
"545",3079,"Cent Bapt Coll"
"546",100,"Loyola (LA)"
"547",2301,"JohnBrow"
"548",2805,"Clark Atlanta"
"549",2251,"Goucher"
"550",543,"Joh. & Wales FL"
"551",2590,"Spring Hill"
"552",2353,"LSU Shreveport"
"553",2553,"Sewanee"
"554",2650,"Tougaloo"
"555",2913,"Brevard "
"556",2333,"Lewis & Clark"
"557",3083,"Oakwood"
"558",2839,"Tusculum"
"559",2560,"Shorter"
"560",2225,"Fisk"
"561",2639,"TX Lutheran"
"562",2949,"St Gregory's"
"563",2033,"Arkansas Tech"
"564",2041,"Augusta"
"565",2381,"Menlo"
"566",2657,"Tuskegee"
"567",2242,"Geneva"
"568",3098,"Marygrove "
"569",2632,"Tenn Wesleyan"
"570",2145,"CO Springs"
"571",494,"Blue Mountain"
"572",561,"Mayville St"
"573",2206,"Edward Waters"
"574",3104,"Rhema U"
"575",2544,"Schreiner"
"576",484,"Alice Lloyd"
"577",2648,"Toccoa Falls"
"578",2398,"Millsaps"
"579",2948,"Stillman"
"580",2077,"Brewton-Parker"
"581",2302,"John Carroll"
"582",2211,"Emmanuel"
"583",2001,"Adams State"
"584",569,"Montana St-Northern"
"585",136,"Missouri Valley"
"586",2362,"Manchester"
"587",203,"Linfield"
"588",2283,"Benedictine"
"589",2757,"Berry"
"590",286,"NC Wesleyan"
"591",2157,"Covenant"
"592",2684,"Warren Wilson"
"593",2917,"LeMoyne-Owen"
"594",2662,"UC Santa Cruz"
"595",2888,"Ouachita Baptist"
"596",37,"Concordia (NY)"
"597",2264,"Harding"
"598",3109,"Ozarks AR"
"599",2937,"Dallas Christ."
"600",2914,"CP Pomona"
"601",568,"Minot St"
"602",2637,"Texas College"
"603",291,"Methodist"
"604",383,"Suffolk University"
"605",128,"N Michigan"
"606",2536,"CSU San Bern"
"607",2841,"Union Ky "
"608",2326,"LeTourneau"
"609",2822,"N Greenville"
"610",2164,"Dallas Baptist"
"611",2316,"KY Wesleyan"
"612",542,"IL-Springfield"
"613",524,"Fisher College"
"614",2543,"SC Aiken"
"615",2215,"Erskine"
"616",2646,"Thomas M"
"617",95,"Pikeville"
"618",2327,"Lees McRae"
"619",2118,"C. Missouri St."
"620",2252,"Grace"
"621",559,"U of Mary"
"622",3120,"Ecclesia"
"623",2631,"Tenn Temple"
"624",2318,"La Verne"
"625",2345,"CS Los Angeles"
"626",90,"Pitt. St."
"627",2003,"Adrian"
"628",141,"MO-St. Louis"
"629",2096,"Cameron"
"630",2697,"West Florida"
"631",2025,"Angelo State"
"632",2330,"Lemoyne"
"633",534,"Harris Stowe"
"634",2574,"Sonoma St"
"635",3080,"Waldorf "
"636",2161,"Cumberland TN"
"637",2927,"SW Oklahoma St"
"638",2212,"Emory"
"639",389,"Upper Iowa U"
"640",51,"FLA Southern"
"641",2474,"Oakland City"
"642",2191,"East Central"
"643",2479,"Ohio Valley"
"644",2904,"SW Assem Of God"
"645",2922,"Olivet Nazarene"
"646",162,"Hamline"
"647",3136,"Academy of Art"
"648",599,"Rob-Morris (IL)"
"649",571,"Morris College"
"650",368,"Purdue NW"
"651",2257,"Greenville"
"652",573,"Mount Marty College"
"653",2625,"Talladeg"
"654",2912,"WmPenn"
"655",2615,"St Xavier"
"656",2848,"Western Oregon"
"657",2093,"CS East Bay"
"658",2299,"Jarvis Chr"
"659",628,"Valley City St"
"660",196,"Northeastern St"
"661",2667,"Ursinus"
"662",109,"MIT"
"663",133,"St Olaf College"
"664",75,"North Park"
"665",2823,"NW Oklahoma St"
"666",2825,"Quincy"
"667",2772,"Minn Crookston"
"668",2893,"Shawnee"
"669",2397,"Milligan"
"670",3093,"Cin Christian"
"671",2828,"Shenandoah"
"672",587,"ND Coll"
"673",3088,"IU-Northwest"
"674",565,"Midland U"
"675",511,"Cumberland KY"
"676",2047,"Averett"
"677",2882,"NC Pembroke"
"678",2753,"Xavier LA"
"679",83,"DePauw"
"680",2265,"Haverford"
"681",2874,"Laroche"
"682",134,"Minn Duluth"
"683",2855,"Brescia"
"684",316,"Dickinson St"
"685",2332,"Lewis"
"686",2548,"Seattle Pacific"
"687",515,"Dana"
"688",2972,"Plymouth State"
"689",2468,"ND de Namur"
"690",2107,"Catawba"
"691",2576,"S Wesleyan"
"692",131,"Wayne State"
"693",481,"Mount Ida "
"694",2334,"Lewis Clark St"
"695",74,"Millikin"
"696",2361,"ME-Presque Isle"
"697",2876,"Lincoln MO"
"698",2931,"William Woods"
"699",244,"St. Edward's"
"700",2227,"FL Memorial"
"701",3140,"St. Catharine"
"702",3096,"SD Christian"
"703",73,"IL Tech"
"704",2698,"WGeorgia"
"705",2070,"Blackburn"
"706",2321,"Lambuth"
"707",2013,"Albany St GA"
"708",530,"Graceland"
"709",2644,"Thiel"
"710",3138,"Indiana-East Univ"
"711",2666,"Urbana"
"712",2606,"St. Martin's"
"713",2396,"Miles"
"714",3087,"SUNY-Old Westbury"
"715",2605,"St. Leo"
"716",2018,"Allegheny"
"717",2291,"Indiana (PA)"
"718",132,"Bemidji St"
"719",3142,"Bushnell"
"720",2098,"Campbellsville"
"721",471,"Stevenson"
"722",351,"Wingate"
"723",500,"California Maritime"
"724",101,"Eureka Coll"
"725",2214,"Emporia St"
"726",487,"Bacone College"
"727",614,"Southern Poly"
"728",2194,"E TX Bapt"
"729",3135,"Maryland Bible Coll"
"730",2079,"Bridgewater VA"
"731",2365,"Mansfield"
"732",2706,"W. Virginia Tech"
"733",2592,"St. Andrews"
"734",11,"Colorado Mesa"
"735",2366,"Marian"
"736",2081,"Bryan"
"737",2129,"Cheyney"
"738",2516,"Randolph"
"739",2407,"MT St.-Billings"
"740",14,"Chico State"
"741",2732,"Wilmington DE"
"742",2834,"Sul Ross"
"743",2586,"SWBapt"
"744",205,"Pacific (OR)"
"745",2094,"Cal Lutheran"
"746",2202,"E Oregon"
"747",2258,"Guilford"
"748",2758,"Howard Payne"
"749",2906,"Trevecca"
"750",2525,"Rockhurst"
"751",2658,"TX A&M Kings"
"752",2383,"Merchant Marine"
"753",2058,"Bel Abbey"
"754",2496,"Piedmont"
"755",3131,"Grace Bible"
"756",310,"Maryville MO"
"757",2858,"California PA"
"758",533,"Hannibal-LaGrange Co"
"759",2857,"Caldwell "
"760",2312,"King  TN"
"761",2310,"Kentucky St"
"762",3160,"R. Morris-Spfld"
"763",3153,"Randolph"
"764",2137,"Clarkson"
"765",440,"Albertus Magnus"
"766",2061,"Berea College"
"767",2391,"Mich-Dearborn"
"768",2105,"CarsnNew"
"769",2201,"E New Mexico"
"770",2905,"Texas Dallas"
"771",2868,"Holy Names"
"772",2923,"Pomona P"
"773",2944,"Penn St-Behrend"
"774",2850,"Whittier"
"775",2886,"Northwood"
"776",433,"Westminster College "
"777",2930,"Willamette"
"778",2595,"St Francis (IL)"
"779",598,"Purdue University-No"
"780",2800,"Alma College"
"781",2871,"Kean"
"782",2233,"Franklin"
"783",2584,"S Oregon"
"784",409,"CncrdiWI"
"785",329,"Mt. St. Vincent"
"786",185,"Vassar"
"787",2442,"Coll NJ"
"788",2920,"Mobile"
"789",2522,"Roanoke"
"790",551,"NVU-Lyndon"
"791",2981,"Will Bapt"
"792",2054,"Barton"
"793",556,"Malone"
"794",2726,"Wilberforce"
"795",2085,"BuffSt"
"796",2455,"N Georgia"
"797",2042,"Augustana (IL)"
"798",2235,"Fresno Pacific"
"799",3156,"SUNY Cobleskill"
"800",467,"Salem"
"801",512,"Dakota St"
"802",3152,"Walla Walla"
"803",2231,"Fort Hays St"
"804",2444,"Newberry"
"805",3126,"Mid-America CU"
"806",2915,"Freed-Hardeman"
"807",2355,"Lynchburg"
"808",2591,"St Ambro"
"809",3092,"Davenport Univ"
"810",482,"University of the Sc"
"811",2902,"SUNY Fredonia"
"812",413,"Columbus State"
"813",2942,"MaryWash"
"814",3155,"Trinity Baptist"
"815",2370,"TN Southern"
"816",297,"Hampden"
"817",2679,"Voorhees"
"818",2273,"Hillsdale"
"819",2167,"Davis & Elkins"
"820",3149,"Farmingdale"
"821",2221,"FDU-Florham"
"822",2982,"Bethany (CA)"
"823",2500,"Point Loma"
"824",596,"Peru St"
"825",2654,"Truman St"
"826",2907,"Trinity Intl"
"827",2720,"Whitman"
"828",2292,"Indianapolis"
"829",552,"Madonna University"
"830",2470,"Nova SE"
"831",2990,"St Joseph's BKN"
"832",289,"Mt St Mary NY"
"833",2222,"Ferris St"
"834",2733,"Wilmington OH"
"835",2274,"Hiram"
"836",420,"Holy Family College"
"837",2071,"Blmsburg"
"838",22,"San Fran St"
"839",3151,"S. Western Col (AZ)"
"840",608,"Science & Arts"
"841",2151,"Concordia IL"
"842",418,"Hendrix"
"843",2610,"St Marys"
"844",2339,"Lincoln PA"
"845",352,"Kenyon"
"846",2438,"Nebraska-Kearney"
"847",3099,"Concordia (AL)"
"848",3174,"Trinity Baptist"
"849",445,"New York City Techni"
"850",2785,"Union"
"851",2374,"Marywood"
"852",2959,"Baruch College"
"853",3171,"Hiwassee"
"854",2023,"Anderson (IN)"
"855",3168,"Crowley's Ridge"
"856",2178,"Doane"
"857",613,"SD School of Mines"
"858",2602,"St Josephs (ME)"
"859",2175,"Dickinson PA"
"860",2508,"Puget Sound"
"861",508,"Cornerstone U"
"862",2419,"Mount St. Joseph"
"863",2689,"Washington Coll"
"864",538,"Houghton "
"865",2064,"Bethel (TN)"
"866",619,"Tabor College"
"867",2269,"HI Pacific"
"868",459,"Fontbonne"
"869",415,"George Fox"
"870",29,"Redlands"
"871",2749,"Worceste"
"872",2985,"Concordia (MI)"
"873",117,"St. Mary's MD"
"874",3165,"New Hope"
"875",2069,"Black Hills St"
"876",2220,"Fayetteville St"
"877",2088,"BYU Hawaii"
"878",3068,"Georgia Southwestern"
"879",3164,"Central Penn"
"880",2304,"JohnSmth"
"881",2322,"Lander"
"882",546,"Judson College"
"883",429,"Philadelphia Biblica"
"884",2256,"Greensboro"
"885",2022,"American Int'l"
"886",3158,"Our Lady"
"887",2100,"Card Stritch"
"888",199,"SE Okla St"
"889",2180,"Dowling"
"890",3069,"Indiana Tech"
"891",461,"Gwynedd-Mercy"
"892",555,"ME-Machias"
"893",2465,"Northwest (WA)"
"894",2144,"Colorado Coll"
"895",2141,"Coe College"
"896",3166,"Arl Baptist"
"897",422,"Neumann College"
"898",3163,"Roosevelt"
"899",2477,"Ohio Dominican"
"900",2053,"Barry"
"901",2249,"Glenville St"
"902",2045,"Austin"
"903",2371,"Mary Hardin-Bay"
"904",548,"LaGrange"
"905",477,"Lesley University"
"906",3159,"Coll Idaho"
"907",2476,"Oglethorpe"
"908",2271,"Henderson St"
"909",564,"Mid-Continent"
"910",3182,"CS San Marcos"
"911",603,"Saint Mary College"
"912",3196,"St. Joseph's-L.I."
"913",2015,"Albright"
"914",3186,"Oswego State"
"915",2109,"Cedarville"
"916",2892,"Rust"
"917",580,"Newman"
"918",263,"Loras College"
"919",536,"Hastings"
"920",3184,"Pacifica College"
"921",2486,"Pacific Lutheran"
"922",2894,"Sioux Fa"
"923",2601,"St. Joseph's (IN)"
"924",2976,"Wentworth"
"925",2846,"Wesley"
"926",317,"Marietta"
"927",3179,"Point"
"928",2589,"Spalding"
"929",3189,"Coastal Georgia"
"930",407,"Arcadia University"
"931",2877,"Lindsey Wilson"
"932",2384,"Mercy"
"933",2324,"Langston"
"934",594,"Pacific Union"
"935",224,"Westminster UT"
"936",2939,"Jamestow"
"937",2812,"Hope College"
"938",2207,"ElizCity"
"939",217,"Swarthmore"
"940",502,"Calumet College"
"941",489,"Barber Scotia"
"942",3169,"Joh. & Wales NC"
"943",2092,"CSU Dom Hills"
"944",3192,"IU-Kokomo"
"945",370,"Rutgers-Camden"
"946",2369,"Mars Hill"
"947",2150,"Concordia OR"
"948",3187,"Holy Cross IN"
"949",507,"Concordia (NE)"
"950",3183,"Penn State Abington"
"951",478,"Penn State Altoona"
"952",606,"St. Thomas (FL)"
"953",3185,"UC Merced"
"954",411,"Chapman"
"955",2237,"Ft Lewis"
"956",138,"NWMoSt"
"957",33,"Colby College"
"958",3229,"VU of Lynchburg"
"959",2422,"Muhlenbe"
"960",2986,"Fairmont"
"961",3106,"Corban U"
"962",3218,"Northwest Indian"
"963",2562,"Siena Heights"
"964",170,"CCNY"
"965",465,"Rosemont"
"966",2532,"Salisbury"
"967",2878,"Lubbock Christian"
"968",3217,"Portland Bible"
"969",597,"Presentation"
"970",2104,"Carroll (MT)"
"971",2652,"Trinity (IL)"
"972",2008,"AL-Huntsville"
"973",2218,"FaithBap"
"974",2518,"Regis Univ"
"975",2375,"Masters "
"976",354,"Olivet College"
"977",509,"Crown College"
"978",412,"E Nazarene"
"979",2196,"Eastern Univ."
"980",3216,"Cairn"
"981",3219,"Young Harris"
"982",89,"Wabash"
"983",2688,"Wash. & Lee"
"984",2911,"William Jewell"
"985",2790,"Albion"
"986",2372,"Marymoun"
"987",2903,"SW Adventist"
"988",554,"Maine-Ft Kent"
"989",450,"Wheelock College"
"990",3242,"Columbia Int"
"991",2295,"Iowa Wesleyan"
"992",184,"Rochester"
"993",126,"Kalamazoo"
"994",3075,"Selma"
"995",2568,"Southern Ark."
"996",2645,"Thomas College"
"997",3247,"Dalton State"
"998",3248,"Open Bible"
"999",2557,"Coast Guard"
"1000",3249,"St. Katherine"
"1001",190,"Defiance"
"1002",72,"Elmhurst"
"1003",95026,"Wilmington University"
"1004",3238,"SW Christian Univ"
"1005",2844,"Wayne St (NE)"
"1006",361,"Philadelphia"
"1007",3240,"Clearwater Christian"
"1008",86661,"St. Catherine (Mn)"
"1009",2073,"Bluefield St"
"1010",94822,"TX Perm Basin"
"1011",2418,"Mount Olive"
"1012",2108,"Catholic DC"
"1013",3090,"Randall"
"1014",405,"Baptist Bible"
"1015",2776,"Salve Regina"
"1016",3245,"Tru-Mc"
"1017",3243,"Bob Jones"
"1018",191,"Heidelberg"
"1019",2849,"Westminster PA"
"1020",2402,"Missouri S&T"
"1021",2204,"Eckerd"
"1022",107738,"Crossroads"
"1023",2676,"Virginia Union"
"1024",3244,"Florida Coll"
"1025",2399,"Minn-Morris"
"1026",620,"Taylor"
"1027",469,"Chestnut Hill"
"1028",3250,"Northwest Ohio"
"1029",2189,"Earlham"
"1030",2626,"Tampa"
"1031",2677,"Viterbo Univ."
"1032",3239,"Johnson (TN)"
"1033",2746,"Wittenberg"
"1034",427,"Ohio Northern"
"1035",108862,"Sarah Lawrence"
"1036",108782,"Bristol Univ."
"1037",488,"Baker"
"1038",2488,"Paine"
"1039",108820,"Alfred State"
"1040",2424,"NM Highlands"
"1041",2519,"Rhodes"
"1042",2979,"St Rose"
"1043",7639,"Thomas (GA)"
"1044",2395,"Midwest"
"1045",424,"Capital (OH)"
"1046",2462,"Northland"
"1047",2564,"Simpson"
"1048",3067,"Goshen"
"1049",2074,"Bluffton"
"1050",108808,"Penn St Beaver"
"1051",2963,"Case Western Reserve"
"1052",576,"Mount Vernon Nazaren"
"1053",108838,"Mitchell"
"1054",108799,"Cincy Clermont"
"1055",108789,"Morrisville"
"1056",109014,"Mid Georgia St"
"1057",108859,"Goldey-Beacom"
"1058",353,"Joh. & Wales RI"
"1059",108994,"PSU Mont Alto"
"1060",123,"St. Thomas Aquinas"
"1061",108842,"Emerson"
"1062",108874,"Harrisburg"
"1063",108807,"William Peace"
"1064",2861,"Clayton"
"1065",108854,"Hood"
"1066",2884,"Nichols"
"1067",2975,"Transylvania"
"1068",108798,"Ohio Midwestern"
"1069",108942,"Carolina Univ."
"1070",144,"Franklin Pierce"
"1071",108860,"Keystone"
"1072",2895,"Southern VT"
"1073",173,"Hartwick"
"1074",108858,"Coll of Faith"
"1075",2816,"McKendree"
"1076",108822,"Newbury"
"1077",2945,"Pfeiffer"
"1078",2044,"Aurora"
"1079",108818,"NYIT"
"1080",2487,"Pace"
"1081",2228,"Flagler"
"1082",109998,"York"
"1083",110031,"Benedictine AZ"
"1084",2075,"BowieSt"
"1085",109684,"Bryn Athyn"
"1086",109656,"Pine Manor"
"1087",109683,"Ryerson"
"1088",109636,"Summit"
"1089",109700,"Boyce"
"1090",109671,"Lourdes"
"1091",230,"Francis"
"1092",109661,"Multnomah"
"1093",2725,"Widener"
"1094",401,"University of Wiscon"
"1095",390,"UTICA"
"1096",402,"Worcester St"
"1097",2067,"BIOLA"
"1098",109597,"Antelope Valley"
"1099",109708,"Silver Lake"
"1100",2901,"Staten Island"
"1101",2171,"Denison"
"1102",49,"Dubuque"
"1103",417,"Gallaudet"
"1104",2192,"East Menn"
"1105",355,"SUNY Oneonta"
"1106",2512,"Queens NY"
"1107",2404,"Molloy"
"1108",2484,"Oregon Tech"
"1109",220,"Pitt-Bradford"
"1110",109658,"Rutgers-Newark"
"1111",109567,"Seton Hill"
"1112",2775,"Ottawa"
"1113",110413,"McGill"
"1114",110414,"UVF"
"1115",92,"Cabrini"
"1116",110411,"Dean"
"1117",341,"Frostburg St"
"1118",323,"Moravian"
"1119",2879,"Manhattanville"
"1120",110418,"West Coast Bapt"
"1121",137,"Mo Western"
"1122",2387,"Messiah"
"1123",200,"Southern Nazarene"
"1124",476,"Medaille College"
"1125",319,"Oklahoma Bapt"
"1126",3107,"East-West"
"1127",63,"Buena Vista"
"1128",7933,"Western NE"
"1129",110412,"Chatham"
"1130",237,"Union TN"
"1131",110426,"Nazareth"
"1132",2826,"Rocky Mo"
"1133",2403,"Missouri South St"
"1134",2120,"Cent Wash"
"1135",388,"Lebanon Valley"
"1136",210,"Millersv"
"1137",110436,"Oak Hills Chr."
"1138",110450,"Cal Tech"
"1139",110437,"MSOE"
"1140",562,"McPherson College"
"1141",212,"John Jay"
"1142",332,"Muskingum"
"1143",111175,"Nebraska Christ"
"1144",111174,"Lincoln "
"1145",2114,"Centenary (NJ)"
"1146",347,"Elmira"
"1147",111168,"Lawrence Tech"
"1148",2524,"Rockford"
"1149",2062,"Bethany (WV)"
"1150",111166,"Midway"
"1151",492,"Bethany (KS)"
"1152",2951,"SUNY Maritime"
"1153",2829,"Simon Fraser"
"1154",111162,"BARC"
"1155",111254,"Ottawa (AZ)"
"1156",111180,"Christendom"
"1157",111171,"New Rochelle"
"1158",111242,"Wheaton (MA)"
"1159",111179,"Georgian Court"
"1160",2865,"Evangel"
"1161",111170,"Franciscan"
"1162",86853,"York (PA)"
"1163",40,"Curry Co"
"1164",111176,"Calvary"
"1165",111199,"Penn St (Brand)"
"1166",267,"Lakeland"
"1167",111229,"Emb-Rid (AZ)"
"1168",111172,"Gordon"
"1169",2660,"UMass Boston"
"1170",2721,"Whitwort"
"1171",2740,"UW-Lacrosse"
"1172",2880,"MO Baptist"
"1173",2950,"Spring Arbor"
"1174",2566,"Skidmore"
"1175",111921,"CU-Harrodsburg"
"1176",2102,"Carnegie Mellon"
"1177",111995,"Purdue NW"
"1178",111912,"Keiser"
"1179",5345,"Benedictine"
"1180",2741,"WI Lutheran"
"1181",2224,"Findlay"
"1182",111914,"Wilson"
"1183",111910,"Westcliff"
"1184",2853,"Bellevue"
"1185",2744,"UW-Stout"
"1186",2246,"GA Coll"
"1187",2153,"Concordia TX"
"1188",111942,"PSU-Wilkes-Barr"
"1189",111926,"Regent"
"1190",111966,"OH-Chillicothe"
"1191",111950,"Stockton"
"1192",112006,"Governors State"
"1193",66786,"St Elizabeth"
"1194",2936,"Dominican (IL)"
"1195",111943,"Mt. Aloysius"
"1196",111948,"Elms "
"1197",2782,"SUNY Cortland"
"1198",111902,"Misericordia"
"1199",111922,"Welch"
"1200",2134,"Clarion"
"1201",7560,"SW KS"
"1202",111949,"DeSales"
"1203",111947,"SUNY Canton"
"1204",2380,"Medgar Evers"
"1205",111951,"SE Baptist"
"1206",111913,"Rivier"
"1207",2952,"Warner Pacific"
"1208",123306,"Lancaster Bible"
"1209",2059,"Benedict"
"1210",123391,"Yellowstone "
"1211",123366,"Calvin"
"1212",123313,"Carlow"
"1213",2672,"VA Wesleyan"
"1214",123410,"KS Christian"
"1215",112679,"SAGU AIC"
"1216",506,"Concordia (CA)"
"1217",214,"Point Park"
"1218",49865,"CSU-Pueblo"
"1219",226,"Rhode Island Coll"
"1220",112686,"UHSP St. Louis"
"1221",6304,"Keene State"
"1222",125330,"Spurgeon"
"1223",123312,"Baptist (MO)"
"1224",111226,"Emb-Rid (AZ)"
"1225",124947,"Converse"
"1226",121894,"North Central U"
"1227",2027,"Ark Baptist"
"1228",122634,"Bethel (IN)"
"1229",308,"Ashland"
"1230",3085,"NewEngla"
"1231",2121,"Centre C"
"1232",343,"MCLA"
"1233",374,"SJFish"
"1234",3103,"SUNY-Purchase"
"1235",5308,"Babson"
"1236",6319,NA
"1237",2693,"Webster"
"1238",124946,"Lincoln (CA)"
"1239",124942,"Mary Baldwin"
"1240",5901,"Elizabethtown"
"1241",124846,"Wells College"
"1242",18131,NA
"1243",2719,"Wheeling Jesuit"
"1244",124966,"NVU-Lyndon"
"1245",124721,"Life University"
"1246",2205,"Edinboro"
"1247",255,"Knox College"
"1248",112706,"Penn St - York"
"1249",103563,"Warner"
"1250",124809,"Miami-Hamilton"
"1251",2980,"Ohio Wesleyan"
"1252",287,"Maine-Farmington"
"1253",124950,"PSU-Alleghany"
"1254",112694,"West Colorado"
"1255",589,"Okla Christian"
"1256",2373,"Maryville TN"
"1257",2152,"Concordia (MN)"
"1258",2245,"Georgetown (KY)"
"1259",181,"SUNY-New Paltz"
"1260",2517,"Regis College"
"1261",2904,"SW Asm of God"
"1262",123350,"Park U Gilbert"
"1263",53,"Fla Tech"
"1264",502,"Calumet"
"1265",3107,"EASTWEST"
"1266",3136,"Academy Art"
"1267",2648,"Toccoa Fal"
"1268",117,"St Mary Md"
"1269",126750,"North American"
"1270",2281,"Huston Til"
"1271",126824,"SMWC"
"1272",3244,"Fla Coll"
"1273",109671,"LOURDES"
"1274",2477,"Ohio Dom"
"1275",6371,"Lane"
"1276",3158,"OLLU"
"1277",398,"Wilkes"
"1278",12758,"Georgia SW"
"1279",66786,"Elizabeth"
"1280",3096,"S Diego Christ"
"1281",2380,"MEDGAREVR"
"1282",461,"Gwyn-Mrcy"
"1283",3077,"KY Christian"
"1284",3103,"Purchase"
"1285",3087,"Old Westbury"
"1286",2758,"Hwrd Payne"
"1287",2419,"Mt St Jsph"
"1288",111947,"SUNYCANTON"
"1289",2981,"Wm Baptist"
"1290",2591,"St. Ambrose"
"1291",2562,"Siena Hgts"
"1292",2299,"Jarv Chrst"
"1293",108806,"Mid-Atlantic"
"1294",3218,"NW Indian"
"1295",3166,"Arlington Bpt"
"1296",2167,"Davis Elk"
"1297",2249,"Glenville"
"1298",2019,"Allen"
"1299",3168,"Crwlys Rdg"
"1300",380,"Anderson SC"
"1301",2345,"Cal State LA"
"1302",2986,"Fairmnt St"
"1303",3141,"N New Mex"
"1304",73,"Illinois Tech"
"1305",2684,"Warren Wil"
"1306",2689,"Wash Md"
"1307",2375,"Masters U"
"1308",109636,"Clarks Summit"
"1309",2081,"Bryan (TN)"
"1310",3250,"NW Ohio"
"1311",2246,"GA College"
"1312",255,"Knox"
"1313",2410,"Montreat"
"1314",101,"Eureka"
"1315",109597,"ANTELOPE"
"1316",224,"Westmnster"
"1317",3238,"SW Christian"
"1318",2862,"Col Christian"
"1319",2853,"Bellevue Univ"
"1320",108942,"Carolina"
"1321",606,"St Thomas (FL)"
"1322",2371,"M Hrdn-Blr"
"1323",2206,"Ed Waters"
"1324",565,"Mid Luthrn"
"1325",573,"Mount Marty"
"1326",121894,"North Central"
"1327",2877,"Lind Wilsn"
"1328",2494,"PhilanderSmith"
"1329",2602,"St Joe ME"
"1330",2093,"Cal East Bay"
"1331",3080,"Waldorf"
"1332",3169,"Jwales"
"1333",2822,"N Greenvl"
"1334",2606,"Saint Martin's"
"1335",2913,"Brevard"
"1336",3239,"Johnson"
"1337",3085,"New England"
"1338",2614,"Saint Vincent"
"1339",2849,"Wstmnstrpa"
"1340",126890,"Maine-Augusta"
"1341",2339,"Lincoln (PA)"
"1342",2023,"ANDERSON IN"
"1343",2639,"Texas Luth"
"1344",123313,"CARLOW"
"1345",2701,"W Montana"
"1346",2703,"W New Mex"
"1347",2652,"Trinity Il"
"1348",554,"ME Ft Kent"
"1349",3229,"Vulynchbrg"
"1350",374,"Sj Fisher"
"1351",109014,"MGAST"
"1352",2985,"Concordia MI"
"1353",112,"Tufts"
"1354",509,"Crown"
"1355",2800,"Alma"
"1356",3134,"Champ Christian"
"1357",2937,"Dall Christian"
"1358",2027,"Ark Bapt"
"1359",2465,"Northwest"
"1360",3242,"Columbia Inter"
"1361",126751,"Northern Vermo"
"1362",2383,"Merch Marn"
"1363",100,"Loyola LA"
"1364",127162,"Ozark Chrstn"
"1365",111254,"OTTAWAAZ"
"1366",3097,"JohnsonFL"
"1367",3196,"St. Joe's LI"
"1368",126956,"Framingham St"
"1369",35,"Colby-Sawyer"
"1370",2730,"Will Carey"
"1371",3189,"Coastalga"
"1372",2486,"Pacif. Lutheran"
"1373",2381,"Menlo Coll"
"1374",126796,"D'Youville"
"1375",569,"Monstnor"
"1376",2744,"Wi Stout"
"1377",2573,"So-New Orleans"
"1378",3245,"Truett-McConnel"
"1379",2221,"FDU Florhm"
"1380",2013,"Albany St"
"1381",2418,"Mt Olive"
"1382",2902,"Frdonia St"
"1383",212,"John Jay Col"
"1384",2951,"SUNY-Maritime"
"1385",319,"Okla Bapt"
"1386",3249,"St Katherine"
"1387",2269,"Hawaii Pac"
"1388",108842,"EMERSON"
"1389",538,"Houghton"
"1390",2288,"Indiana-SB"
"1391",263,"Loras"
"1392",3117,"Carver"
"1393",2952,"Warner Pac"
"1394",329,"Mtvincent"
"1395",175,"Ithaca"
"1396",407,"Arcadia"
"1397",440,"Albertus"
"1398",3185,"Ucmerced"
"1399",2866,"Evergreen"
"1400",455,"Wv Weslyan"
"1401",3078,"Wil Jessup"
"1402",2834,"Sul Ross State"
"1403",2292,"Indnapolis"
"1404",2810,"Hardin-Sim"
"1405",571,"Morris"
"1406",2327,"Lees-McRae"
"1407",14632,"MCDANIEL"
"1408",534,"Har-Stowe"
"1409",126822,"Grace Christia"
"1410",386,"Trinity Tx"
"1411",2358,"Lyon"
"1412",2610,"St Mary Tx"
"1413",3079,"Cent Baptist"
"1414",2595,"St. Francis IL"
"1415",494,"Bluemtn"
"1416",422,"Neumann"
"1417",353,"Johnson Wales"
"1418",107730,"Fla Natl"
"1419",2672,"Va Wesleyn"
"1420",111921,"Camp-Harrod"
"1421",111902,"MISERCORD"
"1422",2588,"SW Univ TX"
"1423",343,"MA Col LA"
"1424",2442,"Col Of Nj"
"1425",2301,"John Brown"
"1426",112694,"W COLORADO"
"1427",3152,"Wallawalla"
"1428",124950,"Penn Alleghany"
"1429",533,"Hannibal"
"1430",126910,"Penn St-NK"
"1431",3126,"Mid Am Chr"
"1432",126848,"SUNY Delhi"
"1433",126826,"Mississippi Un"
"1434",106,"Clark (MA)"
"1435",2632,"Tenn Wesl"
"1436",112706,"Penn St-York"
"1437",126749,"St. Thomas (TX)"
"1438",188,"Bald Wall"
"1439",2888,"Ouachita"
"1440",126954,"Clinton Colleg"
"1441",2508,"Puget Snd"
"1442",500,"Cal Maritime"
"1443",2177,"U of DC"
"1444",126821,"Pit Greensburg"
"1445",2947,"Rochester (MI)"
"1446",2333,"Lew & Clrk"
"1447",2235,"Fresno Pac"
"1448",22,"San Fran State"
"1449",2424,"Nmexhighl"
"1450",2401,"Miss Coll"
"1451",2113,"Centenary (LA)"
"1452",200,"SNAZARENE"
"1453",542,"Ill-Springfld"
"1454",126794,"UNT Dallas"
"1455",395,"Augustine"
"1456",2742,"Uw-Parksde"
"1457",126972,"Miami (Oh) - M"
"1458",126955,"Cazenovia Coll"
"1459",5426,"BRANDEIS"
"1460",131,"Wayne State MI"
"1461",2861,"Clayton State"
"1462",548,"La Grange"
"1463",289,"Mt. St. Mary NY"
"1464",2409,"Montevallo"
"1465",2732,"Wilmington (DE)"
"1466",2645,"Thomas"
"1467",2357,"Lynn"
"1468",587,"ND Ohio"
"1469",330,"Va State"
"1470",2213,"Emry & Hnr"
"1471",524,"Fisher"
"1472",110414,"Valley Forge"
"1473",3088,"Indiana Nw"
"1474",3245,"Truetmccon"
"1475",128256,"Bible Studies"
"1476",111910,"WESTCLIFF"
"1477",2104,"Carroll MT"
"1478",229,"Coker"
"1479",2312,"King Coll"
"1480",128438,"Cleary U"
"1481",2001,"Adams St"
"1482",2201,"E New Mex"
"1483",2927,"Sw Ok St"
"1484",111948,"Elms College"
"1485",2625,"Talladega"
"1486",2232,"Ft Vly St"
"1487",2808,"DE Valley"
"1488",126910,"Penn State-NK"
"1489",2723,"Uw-Riv Fls"
"1490",2645,"THMAS"
"1491",2092,"CS D Hills"
"1492",3249,"St Kath"
"1493",3092,"Davenport"
"1494",112698,"CENTRALCHR"
"1495",2896,"S Virginia"
"1496",2639,"Texas Lutheran"
"1497",124950,"Penn Allegheny"
"1498",49865,"Col St Pueblo"
"1499",112679,"SAGUAIC"
"1500",3155,"Trinity (FL)"
"1501",129,"Saginaw"
"1502",561,"Mayvlle St"
"1503",511,"Cumberland (KY)"
"1504",2062,"Bethany WV"
"1505",128657,"Sterling (KS)"
"1506",2048,"AVILA"
"1507",619,"Tabor"
"1508",2075,"Bowie State"
"1509",110436,"OAKHILLCHR"
"1510",2085,"Buffalo St"
"1511",3157,"AR-Fort Smith"
"1512",2887,"NW Nzarene"
"1513",128327,"Felician"
"1514",2207,"Elizabeth"
"1515",148,"Mont Tech"
"1516",3243,"Bobjones"
"1517",122634,"BETHEL (IN)"
"1518",2061,"Berea"
"1519",109670,"LIFEPACIFC"
"1520",2141,"Coe"
"1521",551,"VT-Lyndon"
"1522",2071,"Bloomsburg"
"1523",7298,"SD Tech"
"1524",182,"SUNY Potsdam"
"1525",128550,"New College FL"
"1526",128501,"Stanton"
"1527",112686,"UHSP"
"1528",285,"Lake Superior"
"1529",128326,"Car Christian"
"1530",2826,"Rocky Mnt"
"1531",2893,"Shawnee State"
"1532",2098,"Campbelsvl"
"1533",3154,"U Southwest"
"1534",3066,"Conc.-St. Paul"
"1535",2500,"Point Loma Nz"
"1536",128585,"Navajo Tech"
"1537",109998,"YORKCOLNEB"
"1538",81,"Sprngfield"
"1539",108854,"HOOD"
"1540",128342,"Notre Dame MD"
"1541",111170,"FRANCISCAN"
"1542",128344,"Penn State-Sch"
"1543",67,"Luther"
"1544",628,"Valley City"
"1545",355,"SUNYONENTA"
"1546",226,"RI College"
"1547",2909,"Westfield St"
"1548",128531,"Rob. Wesleyan"
"1549",111912,"KEISER"
"1550",2267,"Haw-Hilo"
"1551",594,"Pac Union"
"1552",2587,"SW Minn State"
"1553",3242,"Colum Intl"
"1554",66779,"Bard"
"1555",121894,"NORTHCENMN"
"1556",2192,"E Menonite"
"1557",128218,"Friends"
"1558",111942,"PSWILKES"
"1559",3238,"SW Christi"
"1560",603,"Saintmary"
"1561",177,"Platts St"
"1562",3086,"UT Tyler"
"1563",128343,"Andrews Univer"
"1564",402,"Worcest St"
"1565",111180,"CHRIS"
"1566",2129,"Cheyney (PA)"
"1567",513,"Dakota Wesleyan"
"1568",2919,"Monmouthil"
"1569",108789,"MRSVL"
"1570",108859,"GOLDY"
"1571",111199,"PSU Brandywine"
"1572",40,"Curry"
"1573",110031,"BENMESA"
"1574",3170,"St Thomas (TX)"
"1575",2706,"Wv Tech"
"1576",3247,"Dalton St"
"1577",506,"Concordia CA"
"1578",2316,"KY Wesleyn"
"1579",124721,"Life Univ"
"1580",2805,"Clark Atl"
"1581",2688,"Wash and Lee"
"1582",2170,"Delta St"
"1583",2660,"UMass-Bstn"
"1584",111913,"RIVIER"
"1585",123362,"FTLAUD"
"1586",108806,"Mid Atl Chrstn"
"1587",130195,"Penn State-She"
"1588",50024,"Wash Adventist"
"1589",3229,"VA Lynchburg"
"1590",340,"Bowdoin"
"1591",128344,"PSU Schuylkill"
"1592",35,"Colby Sawyer"
"1593",2202,"Eastern Oregon"
"1594",123286,"TAMU Texarkana"
"1595",110031,"B'tine Mesa"
"1596",130174,"Texas A&M-SA"
"1597",111948,"Elms"
"1598",3107,"East West"
"1599",3242,"Columbia Int'l"
"1600",128438,"Cleary"
"1601",128256,"Biblical Stud"
"1602",3238,"SW Christian U"
"1603",433,"Westminster MO"
"1604",2879,"Manhatnvll"
"1605",2077,"Brewton Parker"
"1606",3141,"Northern NM"
"1607",130201,"Nobel"
"1608",3077,"KCU"
"1609",130241,"Spartanburg Me"
"1610",3166,"Arlington Bapt"
"1611",130198,"PSU Scranton"
"1612",3071,"N Central (IL)"
"1613",123362,"Ft Lauderdale"
"1614",2842,"UVA Wise"
"1615",124946,"Lincoln U (CA)"
"1616",130197,"PSU Fayette"
"1617",7298,"SD Mines"
"1618",2642,"Tx Weslyan"
"1619",2573,"Southern NO"
"1620",2123,"Chadron St"
"1621",2876,"Lincoln (MO)"
"1622",2632,"TN Wesleyan"
"1623",108942,"Carolina U"
"1624",3245,"Truett McCnnll"
"1625",455,"WV Wesleyan"
"1626",3134,"Champ Chrstn"
"1627",3158,"Lady of Lake"
"1628",126824,"St Mary's"
"1629",123306,"Lncstr Bible"
"1630",205,"Pacific Or"
"1631",2703,"Western NM"
"1632",109014,"Middle GA St."
"1633",109684,"BRYN ATHYN"
"1634",3239,"Johnson Univ"
"1635",2744,"UW Stout"
"1636",511,"Cmbrlnd KY"
"1637",477,"Lesley"
"1638",495,"Bluefield"
"1639",130401,"Columbia (SC)"
"1640",2145,"UC Col Springs"
"1641",148,"Montana Tech"
"1642",2888,"Ouachita Bapt"
"1643",420,"Holy Family"
"1644",478,"PSU Altoona"
"1645",126751,"VTSU Johnson"
"1646",2781,"SUNY-Brockport"
"1647",130190,"Lehman"
"1648",3196,"St Joseph's LI"
"1649",122196,"York (NY)"
"1650",2940,"Livingstone"
"1651",5345,"Benedictne"
"1652",513,"Dkta Wesleyan"
"1653",368,"Pur-Calmet"
"1654",2207,"Elizabeth City"
"1655",546,"Judson"
"1656",124851,"Marian"
"1657",177,"Plattsburgh"
"1658",2658,"TAMU Kingsvlle"
"1659",111942,"Wilkes-Barre"
"1660",111226,"Embry Rid (AZ)"
"1661",130183,"Justice"
"1662",2401,"Miss College"
"1663",2689,"Wash Coll (MD)"
"1664",2465,"Northwest U"
"1665",3174,"Trinity Co Jax"
"1666",2503,"PR-Mayaguez"
"1667",130189,"Vermont State"
"1668",2772,"Minn Crook"
"1669",130199,"Endicott"
"1670",128336,"John Melvin"
"1671",2516,"Rand Macon"
"1672",111943,"MT ALOY"
"1673",111176,"CALV MO"
"1674",2040,"AU Montgomery"
"1675",424,"Capital"
"1676",2899,"St Mary's (MN)"
"1677",2832,"St Norbert"
"1678",107730,"FL National"
"1679",2548,"Seattle Pac"
"1680",3081,"UTPermianBasin"
"1681",3106,"Corban"
"1682",461,"Gwynedd Mercy"
"1683",144,"Frank Pierce"
"1684",2177,"Dist Columbia"
"1685",289,"Mt Saint Mary"
"1686",2584,"Sthrn Oregon"
"1687",2403,"MO So St"
"1688",355,"SUNY-Oneonta"
"1689",18131,"SUNY Poly"
"1690",126826,"Miss for Women"
"1691",130196,"Manor"
"1692",2505,"PRATT"
"1693",6760,"Missouri S&T"
"1694",123410,"Kansas Chrstn"
"1695",2902,"Fredonia St"
"1696",112679,"Nelson"
"1697",3189,"Coastal GA"
"1698",124809,"Miami Hamilton"
"1699",2980,"Ohio Weslyan"
"1700",112694,"W Colorado"
"1701",630,"Wayland"
"1702",2905,"UT Dallas"
"1703",2749,"WPI"
"1704",103524,"Holy Cross Col"
"1705",2932,"Point"
"1706",188,"Baldwin Wall"
"1707",554,"ME Fort Kent"
"1708",3078,"Jessup"
"1709",121894,"N Central"
"1710",2267,"Hawai'i Hilo"
"1711",2939,"Jamestown"
"1712",109998,"York (NE)"
"1713",533,"Han LaGrange"
"1714",2175,"Dicknsn PA"
"1715",16231,"Old Westbury"
"1716",112706,"PSU York"
"1717",130262,"IU Columbus"
"1718",-2,"TBD"
"1719",131761,"Bryant Str OH"
"1720",108820,"Alfred St"
"1721",3183,"PSU Abington"
"1722",2281,"Huston Till"
"1723",562,"McPherson"
"1724",131584,"Principia"
"1725",132013,"Baptist (Fl)"
"1726",2841,"Union (KY)"
"1727",2706,"WVU Tech"
"1728",2981,"Wilms Baptist"
"1729",170,"City (NY)"
"1730",2944,"PSU Behrend"
"1731",608,"Sci & Arts OK"
"1732",117,"St Mary's (MD)"
"1733",2161,"Cumberland"
"1734",126954,"Clinton"
"1735",131642,"PSU Hazleton"
"1736",354,"Olivet"
"1737",126972,"Miami Mid'town"
"1738",2615,"Saint Xavier"
"1739",612,"Simpson (CA)"
"1740",2600,"St John's (MN)"
"1741",2854,"Bloomfield"
"1742",131858,"SalishKootenai"
"1743",2605,"Saint Leo"
"1744",2957,"Dominican CA"
"1745",510,"Culver Stock"
"1746",3138,"IU East"
"1747",374,"St John Fisher"
"1748",131603,"Bryant Str-Alb"
"1749",5426,"Brandeis"
"1750",131632,"Mnhttn Chrstn"
"1751",110418,"West Coast"
"1752",268,"Lawrence"
"1753",2518,"Regis U"
"1754",2395,"MD West St"
"1755",2880,"Missouri Bapt"
"1756",2299,"Jarvis Chrstn"
"1757",330,"Virginia St"
"1758",2845,"Waynesburg"
"1759",2936,"Dominican IL"
"1760",2551,"Shaw"
"1761",131638,"Paul Smith's"
"1762",596,"Peru State"
"1763",2131,"Christian Bros"
"1764",2196,"Eastern"
"1765",178,"RIT"
"1766",2304,"Johnson C Smth"
"1767",375,"Scholastic"
"1768",2211,"Emmanuel (MA)"
"1769",3173,"Pensacola Chrs"
"1770",2891,"Ripon"
"1771",2823,"NW Okla St"
"1772",126910,"PSU New Kens"
"1773",2938,"Hunting AL"
"1774",2732,"WILMNGTNDE"
"1775",112686,"SLCP"
"1776",2058,"Belmont Abbey"
"1777",6183,"Humboldt"
"1778",2857,"Caldwell"
"1779",2990,"St Joseph BKN"
"1780",110450,"Caltech"
"1781",425,"Northrn St"
"1782",2568,"S Arkansas"
"1783",589,"OK Christian"
"1784",3156,"SUNY Coble"
"1785",108799,"CINCYCLER"
"1786",3149,"Farmingdale St"
"1787",3169,"J&W (NC)"
