X1,Team ID
Centenary,2113
Northwestern St.,2466
St. Thomas,2900
USC Upstate,2908
Western Kentucky,98
Jacksonville,294
LIU,112358
Utah Tech,3101
Utah Valley,3084
Cal St. Bakersfield,2934
Incarnate Word,2916
NJIT,2885
Purdue Fort Wayne,2870
Cal Baptist,2856
East Texas A&M,2837
Lindenwood,2815
Bryant,2803
Merrimack,2771
Grambling St.,2755
Youngstown St.,2754
Xavier,2752
Wyoming,2751
Wright St.,2750
Wofford,2747
Green Bay,2739
Winthrop,2737
Winston Salem St.,2736
William & Mary,2729
Wichita St.,2724
Western Carolina,2717
Western Michigan,2711
Western Illinois,2710
West Georgia,2698
Weber St.,2692
Wagner,2681
VMI,2678
Valparaiso,2674
VCU,2670
Tulane,2655
Troy,2653
Toledo,2649
The Citadel,2643
Texas Tech,2641
Texas Southern,2640
UTEP,2638
UTSA,2636
Tennessee Tech,2635
Tennessee St.,2634
Tennessee,2633
Tennessee Martin,2630
TCU,2628
Tarleton St.,2627
Missouri St.,2623
Stony Brook,2619
Stephen F. Austin,2617
Saint Peter's,2612
Saint Mary's,2608
Saint Joseph's,2603
St. John's,2599
Saint Francis,2598
St. Francis NY,2597
Southern,2582
South Carolina,2579
Southern Miss,2572
South Dakota St.,2571
South Carolina St.,2569
SMU,2567
SIU Edwardsville,2565
Siena,2561
Seton Hall,2550
Seattle,2547
Southeast Missouri St.,2546
Southeastern Louisiana,2545
Savannah St.,2542
Santa Clara,2541
UC Santa Barbara,2540
San Francisco,2539
Samford,2535
Sam Houston St.,2534
Sacred Heart,2529
Robert Morris,2523
Rider,2520
Radford,2515
Quinnipiac,2514
Queens,2511
Purdue,2509
Providence,2507
Presbyterian,2506
Prairie View A&M,2504
Portland St.,2502
Portland,2501
Pepperdine,2492
Oregon,2483
Oakland,2473
Northern Arizona,2464
Cal St. Northridge,2463
Northern Iowa,2460
Northern Illinois,2459
Northern Colorado,2458
North Florida,2454
North Alabama,2453
Norfolk St.,2450
North Dakota St.,2449
North Carolina A&T,2448
Nicholls St.,2447
New Orleans,2443
New Haven,2441
Nevada,2440
UNLV,2439
Nebraska Omaha,2437
Louisiana Monroe,2433
UNC Greensboro,2430
Charlotte,2429
North Carolina Central,2428
UNC Asheville,2427
Navy,2426
Morgan St.,2415
Morehead St.,2413
Monmouth,2405
Mississippi Valley St.,2400
Middle Tennessee,2393
Miami FL,2390
Mercyhurst,2385
Mercer,2382
Maryland Eastern Shore,2379
UMBC,2378
McNeese St.,2377
Marist,2368
Manhattan,2363
Loyola MD,2352
Loyola Marymount,2351
Loyola Chicago,2350
UMass Lowell,2349
Louisiana Tech,2348
Longwood,2344
Liberty,2335
Le Moyne,2330
Lehigh,2329
La Salle,2325
Lamar,2320
Kent St.,2309
Kansas St.,2306
Kansas,2305
Jackson St.,2296
Iowa,2294
Illinois St.,2287
Houston Christian,2277
Hofstra,2275
High Point,2272
Hampton,2261
Grand Canyon,2253
Gonzaga,2250
Georgia St.,2247
George Mason,2244
Gardner Webb,2241
Cal St. Fullerton,2239
Fordham,2230
FIU,2229
Florida Atlantic,2226
Fairfield,2217
Elon,2210
Eastern Michigan,2199
Eastern Kentucky,2198
Eastern Illinois,2197
East Tennessee St.,2193
Duquesne,2184
Drexel,2182
Drake,2181
Detroit Mercy,2174
Denver,2172
Delaware St.,2169
Dayton,2168
Davidson,2166
Coppin St.,2154
Colgate,2142
Cincinnati,2132
Chicago St.,2130
Charleston Southern,2127
Central Michigan,2117
UCF,2116
Central Connecticut,2115
Central Arkansas,2110
Canisius,2099
Campbell,2097
Butler,2086
Buffalo,2084
Bucknell,2083
Binghamton,2066
Bethune Cookman,2065
Belmont,2057
Ball St.,2050
Austin Peay,2046
Arkansas St.,2032
Little Rock,2031
Arkansas Pine Bluff,2029
Appalachian St.,2026
Alcorn St.,2016
Alabama St.,2011
Alabama A&M,2010
Akron,2006
Air Force,2005
Abilene Christian,2000
Florida Gulf Coast,526
Albany,399
Texas A&M Corpus Chris,357
Illinois,356
UNC Wilmington,350
Army,349
Mississippi St.,344
Evansville,339
Kennesaw St.,338
Alabama,333
Eastern Washington,331
Utah St.,328
Texas St.,326
Cleveland St.,325
Coastal Carolina,324
Lafayette,322
Niagara,315
Iona,314
Maine,311
Louisiana,309
DePaul,305
Idaho St.,304
UC Davis,302
San Diego,301
UC Irvine,300
Long Beach St.,299
Old Dominion,295
Jacksonville St.,55
UT Rio Grande Valley,292
Georgia Southern,290
Lipscomb,288
Stonehill,284
Indiana St.,282
Pacific,279
Fresno St.,278
West Virginia,277
Marshall,276
Wisconsin,275
Milwaukee,270
Marquette,269
Washington St.,265
Washington,264
Vermont,261
Virginia Tech,259
Virginia,258
Richmond,257
James Madison,256
Utah,254
Southern Utah,253
BYU,252
Texas,251
UT Arlington,250
North Texas,249
Houston,248
Texas A&M,245
Rice,242
Baylor,239
Vanderbilt,238
Chattanooga,236
Memphis,235
South Dakota,233
Charleston,232
Furman,231
Clemson,228
Rhode Island,227
Brown,225
Villanova,222
Pittsburgh,221
Penn,219
Temple,218
Penn St.,213
Oregon St.,204
Tulsa,202
Oklahoma,201
Oral Roberts,198
Oklahoma St.,197
Ohio,195
Ohio St.,194
Miami OH,193
Bowling Green,189
Syracuse,183
St. Bonaventure,179
Cornell,172
Columbia,171
New Mexico,167
New Mexico St.,166
Rutgers,164
Princeton,163
Fairleigh Dickinson,161
New Hampshire,160
Dartmouth,159
Nebraska,158
Creighton,156
North Dakota,155
Wake Forest,154
North Carolina,153
N.C. State,152
East Carolina,151
Duke,150
Montana,149
Montana St.,147
Mississippi,145
Missouri,142
UMKC,140
Saint Louis,139
Minnesota,135
Michigan,130
Michigan St.,127
Maryland,120
Towson,119
Mount St. Mary's,116
Massachusetts,113
Northeastern,111
Harvard,108
Holy Cross,107
Boston University,104
Boston College,103
LSU,99
Louisville,97
Kentucky,96
Northern Kentucky,94
Murray St.,93
Bellarmine,91
Southern Indiana,88
Notre Dame,87
IU Indy,85
Indiana,84
Illinois Chicago,82
Southern Illinois,79
Northwestern,77
Bradley,71
Idaho,70
Boise St.,68
Iowa St.,66
Hawaii,62
Georgia,61
Georgia Tech,59
South Florida,58
Florida,57
Stetson,56
Florida St.,52
Florida A&M,50
Delaware,48
Howard,47
Georgetown,46
George Washington,45
American,44
Yale,43
Hartford,42
Connecticut,41
Colorado,38
Colorado St.,36
USC,30
UC San Diego,28
UC Riverside,27
UCLA,26
California,25
Stanford,24
San Jose St.,23
San Diego St.,21
Sacramento St.,16
Cal Poly,13
Arizona,12
Arizona St.,9
Arkansas,8
South Alabama,6
UAB,5
Auburn,2
