"","season","game_date","home_id","home_short_display_name","home_winner","away_id","away_short_display_name","away_winner"
"1",2008,2008-04-07,235,"Memphis",FALSE,2305,"Kansas",TRUE
"2",2008,2008-04-05,153,"North Carolina",FALSE,2305,"Kansas",TRUE
"3",2008,2008-04-05,235,"Memphis",TRUE,26,"UCLA",FALSE
"4",2008,2008-03-30,2305,"Kansas",TRUE,2166,"Davidson",FALSE
"5",2008,2008-03-30,235,"Memphis",TRUE,251,"Texas",FALSE
"6",2008,2008-03-29,153,"North Carolina",TRUE,97,"Louisville",FALSE
"7",2008,2008-03-29,26,"UCLA",TRUE,2752,"Xavier",FALSE
"8",2008,2008-03-28,235,"Memphis",TRUE,127,"Michigan St",FALSE
"9",2008,2008-03-28,2305,"Kansas",TRUE,222,"Villanova",FALSE
"10",2008,2008-03-28,251,"Texas",TRUE,24,"Stanford",FALSE
"11",2008,2008-03-28,275,"Wisconsin",FALSE,2166,"Davidson",TRUE
"12",2008,2008-03-27,26,"UCLA",TRUE,98,"Western KY",FALSE
"13",2008,2008-03-27,2633,"Tennessee",FALSE,97,"Louisville",TRUE
"14",2008,2008-03-27,153,"North Carolina",TRUE,265,"Washington St",FALSE
"15",2008,2008-03-27,2752,"Xavier",TRUE,277,"West Virginia",FALSE
"16",2008,2008-03-23,153,"North Carolina",TRUE,8,"Arkansas",FALSE
"17",2008,2008-03-23,97,"Louisville",TRUE,201,"Oklahoma",FALSE
"18",2008,2008-03-23,235,"Memphis",TRUE,344,"Mississippi St",FALSE
"19",2008,2008-03-23,98,"Western KY",TRUE,301,"San Diego",FALSE
"20",2008,2008-03-23,46,"Georgetown",FALSE,2166,"Davidson",TRUE
"21",2008,2008-03-23,2633,"Tennessee",TRUE,2086,"Butler",FALSE
"22",2008,2008-03-23,251,"Texas",TRUE,2390,"Miami",FALSE
"23",2008,2008-03-23,222,"Villanova",TRUE,2561,"Siena",FALSE
"24",2008,2008-03-22,26,"UCLA",TRUE,245,"Texas A&M",FALSE
"25",2008,2008-03-22,221,"Pitt",FALSE,127,"Michigan St",TRUE
"26",2008,2008-03-22,2305,"Kansas",TRUE,2439,"UNLV",FALSE
"27",2008,2008-03-22,24,"Stanford",TRUE,269,"Marquette",FALSE
"28",2008,2008-03-22,265,"Washington St",TRUE,87,"Notre Dame",FALSE
"29",2008,2008-03-22,2752,"Xavier",TRUE,2509,"Purdue",FALSE
"30",2008,2008-03-22,275,"Wisconsin",TRUE,2306,"Kansas St",FALSE
"31",2008,2008-03-22,150,"Duke",FALSE,277,"West Virginia",TRUE
"32",2008,2008-03-21,235,"Memphis",TRUE,250,"UT Arlington",FALSE
"33",2008,2008-03-21,228,"Clemson",FALSE,222,"Villanova",TRUE
"34",2008,2008-03-21,97,"Louisville",TRUE,68,"Boise St",FALSE
"35",2008,2008-03-21,84,"Indiana",FALSE,8,"Arkansas",TRUE
"36",2008,2008-03-21,344,"Mississippi St",TRUE,2483,"Oregon",FALSE
"37",2008,2008-03-21,238,"Vanderbilt",FALSE,2561,"Siena",TRUE
"38",2008,2008-03-21,153,"North Carolina",TRUE,116,"Mount St Mary",FALSE
"39",2008,2008-03-21,201,"Oklahoma",TRUE,2603,"Saint Joseph's",FALSE
"40",2008,2008-03-21,41,"UConn",FALSE,301,"San Diego",TRUE
"41",2008,2008-03-21,251,"Texas",TRUE,2046,"Austin Peay",FALSE
"42",2008,2008-03-21,46,"Georgetown",TRUE,2378,"UMBC",FALSE
"43",2008,2008-03-21,2086,"Butler",TRUE,6,"South Alabama",FALSE
"44",2008,2008-03-21,2181,"Drake",FALSE,98,"Western KY",TRUE
"45",2008,2008-03-21,2390,"Miami",TRUE,2608,"Saint Mary's",FALSE
"46",2008,2008-03-21,2250,"Gonzaga",FALSE,2166,"Davidson",TRUE
"47",2008,2008-03-21,2633,"Tennessee",TRUE,44,"American",FALSE
"48",2008,2008-03-20,26,"UCLA",TRUE,2400,"Miss Valley St",FALSE
"49",2008,2008-03-20,275,"Wisconsin",TRUE,2239,"Fullerton",FALSE
"50",2008,2008-03-20,277,"West Virginia",TRUE,12,"Arizona",FALSE
"51",2008,2008-03-20,87,"Notre Dame",TRUE,2244,"George Mason",FALSE
"52",2008,2008-03-20,252,"BYU",FALSE,245,"Texas A&M",TRUE
"53",2008,2008-03-20,265,"Washington St",TRUE,2737,"Winthrop",FALSE
"54",2008,2008-03-20,150,"Duke",TRUE,2057,"Belmont",FALSE
"55",2008,2008-03-20,30,"USC",FALSE,2306,"Kansas St",TRUE
"56",2008,2008-03-20,24,"Stanford",TRUE,172,"Cornell",FALSE
"57",2008,2008-03-20,2509,"Purdue",TRUE,239,"Baylor",FALSE
"58",2008,2008-03-20,221,"Pitt",TRUE,198,"Oral Roberts",FALSE
"59",2008,2008-03-20,2439,"UNLV",TRUE,2309,"Kent State",FALSE
"60",2008,2008-03-20,269,"Marquette",TRUE,96,"Kentucky",FALSE
"61",2008,2008-03-20,127,"Michigan St",TRUE,218,"Temple",FALSE
"62",2008,2008-03-20,2305,"Kansas",TRUE,2502,"Portland St",FALSE
"63",2008,2008-03-20,2752,"Xavier",TRUE,61,"Georgia",FALSE
"64",2009,2009-04-06,153,"North Carolina",TRUE,127,"Michigan St",FALSE
"65",2009,2009-04-04,153,"North Carolina",TRUE,222,"Villanova",FALSE
"66",2009,2009-04-04,41,"UConn",FALSE,127,"Michigan St",TRUE
"67",2009,2009-03-29,153,"North Carolina",TRUE,201,"Oklahoma",FALSE
"68",2009,2009-03-29,97,"Louisville",FALSE,127,"Michigan St",TRUE
"69",2009,2009-03-28,221,"Pitt",FALSE,222,"Villanova",TRUE
"70",2009,2009-03-28,41,"UConn",TRUE,142,"Missouri",FALSE
"71",2009,2009-03-27,153,"North Carolina",TRUE,2250,"Gonzaga",FALSE
"72",2009,2009-03-27,127,"Michigan St",TRUE,2305,"Kansas",FALSE
"73",2009,2009-03-27,201,"Oklahoma",TRUE,183,"Syracuse",FALSE
"74",2009,2009-03-27,97,"Louisville",TRUE,12,"Arizona",FALSE
"75",2009,2009-03-26,150,"Duke",FALSE,222,"Villanova",TRUE
"76",2009,2009-03-26,235,"Memphis",FALSE,142,"Missouri",TRUE
"77",2009,2009-03-26,221,"Pitt",TRUE,2752,"Xavier",FALSE
"78",2009,2009-03-26,41,"UConn",TRUE,2509,"Purdue",FALSE
"79",2009,2009-03-22,97,"Louisville",TRUE,2561,"Siena",FALSE
"80",2009,2009-03-22,127,"Michigan St",TRUE,30,"USC",FALSE
"81",2009,2009-03-22,142,"Missouri",TRUE,269,"Marquette",FALSE
"82",2009,2009-03-22,221,"Pitt",TRUE,197,"Oklahoma St",FALSE
"83",2009,2009-03-22,12,"Arizona",TRUE,325,"Cleveland St",FALSE
"84",2009,2009-03-22,2305,"Kansas",TRUE,2168,"Dayton",FALSE
"85",2009,2009-03-22,2752,"Xavier",TRUE,275,"Wisconsin",FALSE
"86",2009,2009-03-22,183,"Syracuse",TRUE,9,"Arizona St",FALSE
"87",2009,2009-03-21,150,"Duke",TRUE,251,"Texas",FALSE
"88",2009,2009-03-21,2250,"Gonzaga",TRUE,98,"Western KY",FALSE
"89",2009,2009-03-21,201,"Oklahoma",TRUE,130,"Michigan",FALSE
"90",2009,2009-03-21,153,"North Carolina",TRUE,99,"LSU",FALSE
"91",2009,2009-03-21,264,"Washington",FALSE,2509,"Purdue",TRUE
"92",2009,2009-03-21,41,"UConn",TRUE,245,"Texas A&M",FALSE
"93",2009,2009-03-21,235,"Memphis",TRUE,120,"Maryland",FALSE
"94",2009,2009-03-21,222,"Villanova",TRUE,26,"UCLA",FALSE
"95",2009,2009-03-20,52,"Florida St",FALSE,275,"Wisconsin",TRUE
"96",2009,2009-03-20,127,"Michigan St",TRUE,2523,"Robert Morris",FALSE
"97",2009,2009-03-20,154,"Wake Forest",FALSE,325,"Cleveland St",TRUE
"98",2009,2009-03-20,194,"Ohio State",FALSE,2561,"Siena",TRUE
"99",2009,2009-03-20,2752,"Xavier",TRUE,2502,"Portland St",FALSE
"100",2009,2009-03-20,103,"Boston College",FALSE,30,"USC",TRUE
"101",2009,2009-03-20,97,"Louisville",TRUE,2413,"Morehead St",FALSE
"102",2009,2009-03-20,254,"Utah",FALSE,12,"Arizona",TRUE
"103",2009,2009-03-20,142,"Missouri",TRUE,172,"Cornell",FALSE
"104",2009,2009-03-20,221,"Pitt",TRUE,2193,"ETSU",FALSE
"105",2009,2009-03-20,277,"West Virginia",FALSE,2168,"Dayton",TRUE
"106",2009,2009-03-20,9,"Arizona St",TRUE,218,"Temple",FALSE
"107",2009,2009-03-20,2305,"Kansas",TRUE,2449,"N Dakota St",FALSE
"108",2009,2009-03-20,269,"Marquette",TRUE,328,"Utah State",FALSE
"109",2009,2009-03-20,197,"Oklahoma St",TRUE,2633,"Tennessee",FALSE
"110",2009,2009-03-20,183,"Syracuse",TRUE,2617,"SF Austin",FALSE
"111",2009,2009-03-19,356,"Illinois",FALSE,98,"Western KY",TRUE
"112",2009,2009-03-19,26,"UCLA",TRUE,2670,"VCU",FALSE
"113",2009,2009-03-19,201,"Oklahoma",TRUE,2415,"Morgan St",FALSE
"114",2009,2009-03-19,150,"Duke",TRUE,2066,"Binghamton",FALSE
"115",2009,2009-03-19,2250,"Gonzaga",TRUE,2006,"Akron",FALSE
"116",2009,2009-03-19,222,"Villanova",TRUE,44,"American",FALSE
"117",2009,2009-03-19,228,"Clemson",FALSE,130,"Michigan",TRUE
"118",2009,2009-03-19,251,"Texas",TRUE,135,"Minnesota",FALSE
"119",2009,2009-03-19,264,"Washington",TRUE,344,"Mississippi St",FALSE
"120",2009,2009-03-19,153,"North Carolina",TRUE,2515,"Radford",FALSE
"121",2009,2009-03-19,41,"UConn",TRUE,236,"Chattanooga",FALSE
"122",2009,2009-03-19,25,"California",FALSE,120,"Maryland",TRUE
"123",2009,2009-03-19,2509,"Purdue",TRUE,2460,"Northern Iowa",FALSE
"124",2009,2009-03-19,252,"BYU",FALSE,245,"Texas A&M",TRUE
"125",2009,2009-03-19,235,"Memphis",TRUE,2463,"CSU Northridge",FALSE
"126",2009,2009-03-19,99,"LSU",TRUE,2086,"Butler",FALSE
"127",2009,2009-03-17,2011,"Alabama St",FALSE,2413,"Morehead St",TRUE
"128",2010,2010-04-05,150,"Duke",TRUE,2086,"Butler",FALSE
"129",2010,2010-04-03,150,"Duke",TRUE,277,"West Virginia",FALSE
"130",2010,2010-04-03,127,"Michigan St",FALSE,2086,"Butler",TRUE
"131",2010,2010-03-28,150,"Duke",TRUE,239,"Baylor",FALSE
"132",2010,2010-03-28,127,"Michigan St",TRUE,2633,"Tennessee",FALSE
"133",2010,2010-03-27,96,"Kentucky",FALSE,277,"West Virginia",TRUE
"134",2010,2010-03-27,2306,"Kansas St",FALSE,2086,"Butler",TRUE
"135",2010,2010-03-26,150,"Duke",TRUE,2509,"Purdue",FALSE
"136",2010,2010-03-26,127,"Michigan St",TRUE,2460,"Northern Iowa",FALSE
"137",2010,2010-03-26,239,"Baylor",TRUE,2608,"Saint Mary's",FALSE
"138",2010,2010-03-26,194,"Ohio State",FALSE,2633,"Tennessee",TRUE
"139",2010,2010-03-25,96,"Kentucky",TRUE,172,"Cornell",FALSE
"140",2010,2010-03-25,2306,"Kansas St",TRUE,2752,"Xavier",FALSE
"141",2010,2010-03-25,277,"West Virginia",TRUE,264,"Washington",FALSE
"142",2010,2010-03-25,183,"Syracuse",FALSE,2086,"Butler",TRUE
"143",2010,2010-03-21,150,"Duke",TRUE,25,"California",FALSE
"144",2010,2010-03-21,2509,"Purdue",TRUE,245,"Texas A&M",FALSE
"145",2010,2010-03-21,221,"Pitt",FALSE,2752,"Xavier",TRUE
"146",2010,2010-03-21,275,"Wisconsin",FALSE,172,"Cornell",TRUE
"147",2010,2010-03-21,277,"West Virginia",TRUE,142,"Missouri",FALSE
"148",2010,2010-03-21,120,"Maryland",FALSE,127,"Michigan St",TRUE
"149",2010,2010-03-21,194,"Ohio State",TRUE,59,"Georgia Tech",FALSE
"150",2010,2010-03-21,183,"Syracuse",TRUE,2250,"Gonzaga",FALSE
"151",2010,2010-03-20,96,"Kentucky",TRUE,154,"Wake Forest",FALSE
"152",2010,2010-03-20,2306,"Kansas St",TRUE,252,"BYU",FALSE
"153",2010,2010-03-20,167,"New Mexico",FALSE,264,"Washington",TRUE
"154",2010,2010-03-20,239,"Baylor",TRUE,295,"Old Dominion",FALSE
"155",2010,2010-03-20,2305,"Kansas",FALSE,2460,"Northern Iowa",TRUE
"156",2010,2010-03-20,2633,"Tennessee",TRUE,195,"Ohio",FALSE
"157",2010,2010-03-20,2086,"Butler",TRUE,93,"Murray St",FALSE
"158",2010,2010-03-20,222,"Villanova",FALSE,2608,"Saint Mary's",TRUE
"159",2010,2010-03-19,120,"Maryland",TRUE,248,"Houston",FALSE
"160",2010,2010-03-19,194,"Ohio State",TRUE,2540,"UCSB",FALSE
"161",2010,2010-03-19,25,"California",TRUE,97,"Louisville",FALSE
"162",2010,2010-03-19,183,"Syracuse",TRUE,261,"Vermont",FALSE
"163",2010,2010-03-19,127,"Michigan St",TRUE,166,"New Mexico St",FALSE
"164",2010,2010-03-19,150,"Duke",TRUE,2029,"AR-Pine Bluff",FALSE
"165",2010,2010-03-19,197,"Oklahoma St",FALSE,59,"Georgia Tech",TRUE
"166",2010,2010-03-19,2250,"Gonzaga",TRUE,52,"Florida St",FALSE
"167",2010,2010-03-19,245,"Texas A&M",TRUE,328,"Utah State",FALSE
"168",2010,2010-03-19,275,"Wisconsin",TRUE,2747,"Wofford",FALSE
"169",2010,2010-03-19,221,"Pitt",TRUE,2473,"Oakland",FALSE
"170",2010,2010-03-19,228,"Clemson",FALSE,142,"Missouri",TRUE
"171",2010,2010-03-19,2509,"Purdue",TRUE,2561,"Siena",FALSE
"172",2010,2010-03-19,218,"Temple",FALSE,172,"Cornell",TRUE
"173",2010,2010-03-19,2752,"Xavier",TRUE,135,"Minnesota",FALSE
"174",2010,2010-03-19,277,"West Virginia",TRUE,2415,"Morgan St",FALSE
"175",2010,2010-03-18,167,"New Mexico",TRUE,149,"Montana",FALSE
"176",2010,2010-03-18,2305,"Kansas",TRUE,2329,"Lehigh",FALSE
"177",2010,2010-03-18,2633,"Tennessee",TRUE,21,"San Diego St",FALSE
"178",2010,2010-03-18,251,"Texas",FALSE,154,"Wake Forest",TRUE
"179",2010,2010-03-18,269,"Marquette",FALSE,264,"Washington",TRUE
"180",2010,2010-03-18,46,"Georgetown",FALSE,195,"Ohio",TRUE
"181",2010,2010-03-18,96,"Kentucky",TRUE,2193,"ETSU",FALSE
"182",2010,2010-03-18,2439,"UNLV",FALSE,2460,"Northern Iowa",TRUE
"183",2010,2010-03-18,2086,"Butler",TRUE,2638,"UTEP",FALSE
"184",2010,2010-03-18,257,"Richmond",FALSE,2608,"Saint Mary's",TRUE
"185",2010,2010-03-18,2306,"Kansas St",TRUE,249,"North Texas",FALSE
"186",2010,2010-03-18,239,"Baylor",TRUE,2534,"Sam Houston",FALSE
"187",2010,2010-03-18,238,"Vanderbilt",FALSE,93,"Murray St",TRUE
"188",2010,2010-03-18,222,"Villanova",TRUE,2523,"Robert Morris",FALSE
"189",2010,2010-03-18,87,"Notre Dame",FALSE,295,"Old Dominion",TRUE
"190",2010,2010-03-18,252,"BYU",TRUE,57,"Florida",FALSE
"191",2010,2010-03-16,2029,"AR-Pine Bluff",TRUE,2737,"Winthrop",FALSE
"192",2011,2011-04-04,41,"UConn",TRUE,2086,"Butler",FALSE
"193",2011,2011-04-02,41,"UConn",TRUE,96,"Kentucky",FALSE
"194",2011,2011-04-02,2086,"Butler",TRUE,2670,"VCU",FALSE
"195",2011,2011-03-27,153,"North Carolina",FALSE,96,"Kentucky",TRUE
"196",2011,2011-03-27,2305,"Kansas",FALSE,2670,"VCU",TRUE
"197",2011,2011-03-26,41,"UConn",TRUE,12,"Arizona",FALSE
"198",2011,2011-03-26,57,"Florida",FALSE,2086,"Butler",TRUE
"199",2011,2011-03-25,52,"Florida St",FALSE,2670,"VCU",TRUE
"200",2011,2011-03-25,194,"Ohio State",FALSE,96,"Kentucky",TRUE
"201",2011,2011-03-25,2305,"Kansas",TRUE,257,"Richmond",FALSE
"202",2011,2011-03-25,153,"North Carolina",TRUE,269,"Marquette",FALSE
"203",2011,2011-03-24,275,"Wisconsin",FALSE,2086,"Butler",TRUE
"204",2011,2011-03-24,150,"Duke",FALSE,12,"Arizona",TRUE
"205",2011,2011-03-24,57,"Florida",TRUE,252,"BYU",FALSE
"206",2011,2011-03-24,21,"San Diego St",FALSE,41,"UConn",TRUE
"207",2011,2011-03-20,87,"Notre Dame",FALSE,52,"Florida St",TRUE
"208",2011,2011-03-20,2305,"Kansas",TRUE,356,"Illinois",FALSE
"209",2011,2011-03-20,183,"Syracuse",FALSE,269,"Marquette",TRUE
"210",2011,2011-03-20,2509,"Purdue",FALSE,2670,"VCU",TRUE
"211",2011,2011-03-20,251,"Texas",FALSE,12,"Arizona",TRUE
"212",2011,2011-03-20,194,"Ohio State",TRUE,2244,"George Mason",FALSE
"213",2011,2011-03-20,150,"Duke",TRUE,130,"Michigan",FALSE
"214",2011,2011-03-20,153,"North Carolina",TRUE,264,"Washington",FALSE
"215",2011,2011-03-19,41,"UConn",TRUE,2132,"Cincinnati",FALSE
"216",2011,2011-03-19,275,"Wisconsin",TRUE,2306,"Kansas St",FALSE
"217",2011,2011-03-19,252,"BYU",TRUE,2250,"Gonzaga",FALSE
"218",2011,2011-03-19,221,"Pitt",FALSE,2086,"Butler",TRUE
"219",2011,2011-03-19,21,"San Diego St",TRUE,218,"Temple",FALSE
"220",2011,2011-03-19,257,"Richmond",TRUE,2413,"Morehead St",FALSE
"221",2011,2011-03-19,57,"Florida",TRUE,26,"UCLA",FALSE
"222",2011,2011-03-19,96,"Kentucky",TRUE,277,"West Virginia",FALSE
"223",2011,2011-03-18,183,"Syracuse",TRUE,282,"Indiana St",FALSE
"224",2011,2011-03-18,264,"Washington",TRUE,61,"Georgia",FALSE
"225",2011,2011-03-18,46,"Georgetown",FALSE,2670,"VCU",TRUE
"226",2011,2011-03-18,2439,"UNLV",FALSE,356,"Illinois",TRUE
"227",2011,2011-03-18,2752,"Xavier",FALSE,269,"Marquette",TRUE
"228",2011,2011-03-18,2509,"Purdue",TRUE,2612,"Saint Peter's",FALSE
"229",2011,2011-03-18,153,"North Carolina",TRUE,112358,"Long Island",FALSE
"230",2011,2011-03-18,2305,"Kansas",TRUE,104,"Boston Univ",FALSE
"231",2011,2011-03-18,194,"Ohio State",TRUE,2636,"UTSA",FALSE
"232",2011,2011-03-18,245,"Texas A&M",FALSE,52,"Florida St",TRUE
"233",2011,2011-03-18,150,"Duke",TRUE,2261,"Hampton",FALSE
"234",2011,2011-03-18,12,"Arizona",TRUE,235,"Memphis",FALSE
"235",2011,2011-03-18,2244,"George Mason",TRUE,222,"Villanova",FALSE
"236",2011,2011-03-18,87,"Notre Dame",TRUE,2006,"Akron",FALSE
"237",2011,2011-03-18,130,"Michigan",TRUE,2633,"Tennessee",FALSE
"238",2011,2011-03-18,251,"Texas",TRUE,2473,"Oakland",FALSE
"239",2011,2011-03-17,2306,"Kansas St",TRUE,328,"Utah State",FALSE
"240",2011,2011-03-17,2599,"St John's",FALSE,2250,"Gonzaga",TRUE
"241",2011,2011-03-17,2132,"Cincinnati",TRUE,142,"Missouri",FALSE
"242",2011,2011-03-17,26,"UCLA",TRUE,127,"Michigan St",FALSE
"243",2011,2011-03-17,275,"Wisconsin",TRUE,2057,"Belmont",FALSE
"244",2011,2011-03-17,41,"UConn",TRUE,2083,"Bucknell",FALSE
"245",2011,2011-03-17,252,"BYU",TRUE,2747,"Wofford",FALSE
"246",2011,2011-03-17,57,"Florida",TRUE,2540,"UCSB",FALSE
"247",2011,2011-03-17,21,"San Diego St",TRUE,2458,"N Colorado",FALSE
"248",2011,2011-03-17,238,"Vanderbilt",FALSE,257,"Richmond",TRUE
"249",2011,2011-03-17,221,"Pitt",TRUE,2427,"UNC Asheville",FALSE
"250",2011,2011-03-17,96,"Kentucky",TRUE,163,"Princeton",FALSE
"251",2011,2011-03-17,218,"Temple",TRUE,213,"Penn State",FALSE
"252",2011,2011-03-17,97,"Louisville",FALSE,2413,"Morehead St",TRUE
"253",2011,2011-03-17,2086,"Butler",TRUE,295,"Old Dominion",FALSE
"254",2011,2011-03-17,277,"West Virginia",TRUE,228,"Clemson",FALSE
"255",2011,2011-03-16,30,"USC",FALSE,2670,"VCU",TRUE
"256",2011,2011-03-16,2011,"Alabama St",FALSE,2636,"UTSA",TRUE
"257",2011,2011-03-15,5,"UAB",FALSE,228,"Clemson",TRUE
"258",2011,2011-03-15,2031,"Little Rock",FALSE,2427,"UNC Asheville",TRUE
"259",2012,2012-04-02,96,"Kentucky",TRUE,2305,"Kansas",FALSE
"260",2012,2012-03-31,2305,"Kansas",TRUE,194,"Ohio State",FALSE
"261",2012,2012-03-31,96,"Kentucky",TRUE,97,"Louisville",FALSE
"262",2012,2012-03-25,153,"North Carolina",FALSE,2305,"Kansas",TRUE
"263",2012,2012-03-25,96,"Kentucky",TRUE,239,"Baylor",FALSE
"264",2012,2012-03-24,183,"Syracuse",FALSE,194,"Ohio State",TRUE
"265",2012,2012-03-24,97,"Louisville",TRUE,57,"Florida",FALSE
"266",2012,2012-03-23,2305,"Kansas",TRUE,152,"NC State",FALSE
"267",2012,2012-03-23,96,"Kentucky",TRUE,84,"Indiana",FALSE
"268",2012,2012-03-23,153,"North Carolina",TRUE,195,"Ohio",FALSE
"269",2012,2012-03-23,239,"Baylor",TRUE,2752,"Xavier",FALSE
"270",2012,2012-03-22,269,"Marquette",FALSE,57,"Florida",TRUE
"271",2012,2012-03-22,194,"Ohio State",TRUE,2132,"Cincinnati",FALSE
"272",2012,2012-03-22,127,"Michigan St",FALSE,97,"Louisville",TRUE
"273",2012,2012-03-22,183,"Syracuse",TRUE,275,"Wisconsin",FALSE
"274",2012,2012-03-18,52,"Florida St",FALSE,2132,"Cincinnati",TRUE
"275",2012,2012-03-18,2305,"Kansas",TRUE,2509,"Purdue",FALSE
"276",2012,2012-03-18,2752,"Xavier",TRUE,2329,"Lehigh",FALSE
"277",2012,2012-03-18,58,"South Florida",FALSE,195,"Ohio",TRUE
"278",2012,2012-03-18,57,"Florida",TRUE,2450,"Norfolk St",FALSE
"279",2012,2012-03-18,153,"North Carolina",TRUE,156,"Creighton",FALSE
"280",2012,2012-03-18,127,"Michigan St",TRUE,139,"Saint Louis",FALSE
"281",2012,2012-03-18,46,"Georgetown",FALSE,152,"NC State",TRUE
"282",2012,2012-03-17,97,"Louisville",TRUE,167,"New Mexico",FALSE
"283",2012,2012-03-17,239,"Baylor",TRUE,38,"Colorado",FALSE
"284",2012,2012-03-17,96,"Kentucky",TRUE,66,"Iowa State",FALSE
"285",2012,2012-03-17,84,"Indiana",TRUE,2670,"VCU",FALSE
"286",2012,2012-03-17,275,"Wisconsin",TRUE,238,"Vanderbilt",FALSE
"287",2012,2012-03-17,269,"Marquette",TRUE,93,"Murray St",FALSE
"288",2012,2012-03-17,194,"Ohio State",TRUE,2250,"Gonzaga",FALSE
"289",2012,2012-03-17,183,"Syracuse",TRUE,2306,"Kansas St",FALSE
"290",2012,2012-03-16,2305,"Kansas",TRUE,2174,"Detroit Mercy",FALSE
"291",2012,2012-03-16,87,"Notre Dame",FALSE,2752,"Xavier",TRUE
"292",2012,2012-03-16,218,"Temple",FALSE,58,"South Florida",TRUE
"293",2012,2012-03-16,127,"Michigan St",TRUE,112358,"Long Island",FALSE
"294",2012,2012-03-16,2608,"Saint Mary's",FALSE,2509,"Purdue",TRUE
"295",2012,2012-03-16,130,"Michigan",FALSE,195,"Ohio",TRUE
"296",2012,2012-03-16,150,"Duke",FALSE,2329,"Lehigh",TRUE
"297",2012,2012-03-16,235,"Memphis",FALSE,139,"Saint Louis",TRUE
"298",2012,2012-03-16,142,"Missouri",FALSE,2450,"Norfolk St",TRUE
"299",2012,2012-03-16,153,"North Carolina",TRUE,261,"Vermont",FALSE
"300",2012,2012-03-16,46,"Georgetown",TRUE,2057,"Belmont",FALSE
"301",2012,2012-03-16,52,"Florida St",TRUE,179,"St Bonaventure",FALSE
"302",2012,2012-03-16,57,"Florida",TRUE,258,"Virginia",FALSE
"303",2012,2012-03-16,156,"Creighton",TRUE,333,"Alabama",FALSE
"304",2012,2012-03-16,21,"San Diego St",FALSE,152,"NC State",TRUE
"305",2012,2012-03-16,2132,"Cincinnati",TRUE,251,"Texas",FALSE
"306",2012,2012-03-15,2439,"UNLV",FALSE,38,"Colorado",TRUE
"307",2012,2012-03-15,194,"Ohio State",TRUE,2352,"Loyola MD",FALSE
"308",2012,2012-03-15,84,"Indiana",TRUE,166,"New Mexico St",FALSE
"309",2012,2012-03-15,66,"Iowa State",TRUE,41,"UConn",FALSE
"310",2012,2012-03-15,239,"Baylor",TRUE,2571,"S Dakota St",FALSE
"311",2012,2012-03-15,2250,"Gonzaga",TRUE,277,"West Virginia",FALSE
"312",2012,2012-03-15,2724,"Wichita St",FALSE,2670,"VCU",TRUE
"313",2012,2012-03-15,96,"Kentucky",TRUE,98,"Western KY",FALSE
"314",2012,2012-03-15,238,"Vanderbilt",TRUE,108,"Harvard",FALSE
"315",2012,2012-03-15,167,"New Mexico",TRUE,299,"Long Beach St",FALSE
"316",2012,2012-03-15,183,"Syracuse",TRUE,2427,"UNC Asheville",FALSE
"317",2012,2012-03-15,269,"Marquette",TRUE,252,"BYU",FALSE
"318",2012,2012-03-15,275,"Wisconsin",TRUE,149,"Montana",FALSE
"319",2012,2012-03-15,97,"Louisville",TRUE,2166,"Davidson",FALSE
"320",2012,2012-03-15,2306,"Kansas St",TRUE,2572,"Southern Miss",FALSE
"321",2012,2012-03-15,93,"Murray St",TRUE,36,"Colorado St",FALSE
"322",2012,2012-03-14,25,"California",FALSE,58,"South Florida",TRUE
"323",2012,2012-03-14,2320,"Lamar",FALSE,261,"Vermont",TRUE
"324",2012,2012-03-13,252,"BYU",TRUE,314,"Iona",FALSE
"325",2012,2012-03-13,2400,"Miss Valley St",FALSE,98,"Western KY",TRUE
"326",2013,2013-04-08,97,"Louisville",TRUE,130,"Michigan",FALSE
"327",2013,2013-04-06,130,"Michigan",TRUE,183,"Syracuse",FALSE
"328",2013,2013-04-06,97,"Louisville",TRUE,2724,"Wichita St",FALSE
"329",2013,2013-03-31,97,"Louisville",TRUE,150,"Duke",FALSE
"330",2013,2013-03-31,57,"Florida",FALSE,130,"Michigan",TRUE
"331",2013,2013-03-30,194,"Ohio State",FALSE,2724,"Wichita St",TRUE
"332",2013,2013-03-30,269,"Marquette",FALSE,183,"Syracuse",TRUE
"333",2013,2013-03-29,57,"Florida",TRUE,526,"FGCU",FALSE
"334",2013,2013-03-29,150,"Duke",TRUE,127,"Michigan St",FALSE
"335",2013,2013-03-29,2305,"Kansas",FALSE,130,"Michigan",TRUE
"336",2013,2013-03-29,97,"Louisville",TRUE,2483,"Oregon",FALSE
"337",2013,2013-03-28,2724,"Wichita St",TRUE,2325,"La Salle",FALSE
"338",2013,2013-03-28,84,"Indiana",FALSE,183,"Syracuse",TRUE
"339",2013,2013-03-28,194,"Ohio State",TRUE,12,"Arizona",FALSE
"340",2013,2013-03-28,2390,"Miami",FALSE,269,"Marquette",TRUE
"341",2013,2013-03-24,150,"Duke",TRUE,156,"Creighton",FALSE
"342",2013,2013-03-24,2390,"Miami",TRUE,356,"Illinois",FALSE
"343",2013,2013-03-24,145,"Ole Miss",FALSE,2325,"La Salle",TRUE
"344",2013,2013-03-24,21,"San Diego St",FALSE,526,"FGCU",TRUE
"345",2013,2013-03-24,57,"Florida",TRUE,135,"Minnesota",FALSE
"346",2013,2013-03-24,2305,"Kansas",TRUE,153,"North Carolina",FALSE
"347",2013,2013-03-24,84,"Indiana",TRUE,218,"Temple",FALSE
"348",2013,2013-03-24,194,"Ohio State",TRUE,66,"Iowa State",FALSE
"349",2013,2013-03-23,183,"Syracuse",TRUE,25,"California",FALSE
"350",2013,2013-03-23,2250,"Gonzaga",FALSE,2724,"Wichita St",TRUE
"351",2013,2013-03-23,269,"Marquette",TRUE,2086,"Butler",FALSE
"352",2013,2013-03-23,139,"Saint Louis",FALSE,2483,"Oregon",TRUE
"353",2013,2013-03-23,12,"Arizona",TRUE,108,"Harvard",FALSE
"354",2013,2013-03-23,97,"Louisville",TRUE,36,"Colorado St",FALSE
"355",2013,2013-03-23,127,"Michigan St",TRUE,235,"Memphis",FALSE
"356",2013,2013-03-23,130,"Michigan",TRUE,2670,"VCU",FALSE
"357",2013,2013-03-22,26,"UCLA",FALSE,135,"Minnesota",TRUE
"358",2013,2013-03-22,2305,"Kansas",TRUE,98,"Western KY",FALSE
"359",2013,2013-03-22,87,"Notre Dame",FALSE,66,"Iowa State",TRUE
"360",2013,2013-03-22,21,"San Diego St",TRUE,201,"Oklahoma",FALSE
"361",2013,2013-03-22,57,"Florida",TRUE,2466,"N'Western St",FALSE
"362",2013,2013-03-22,153,"North Carolina",TRUE,222,"Villanova",FALSE
"363",2013,2013-03-22,194,"Ohio State",TRUE,314,"Iona",FALSE
"364",2013,2013-03-22,46,"Georgetown",FALSE,526,"FGCU",TRUE
"365",2013,2013-03-22,356,"Illinois",TRUE,38,"Colorado",FALSE
"366",2013,2013-03-22,84,"Indiana",TRUE,256,"James Madison",FALSE
"367",2013,2013-03-22,2306,"Kansas St",FALSE,2325,"La Salle",TRUE
"368",2013,2013-03-22,156,"Creighton",TRUE,2132,"Cincinnati",FALSE
"369",2013,2013-03-22,2390,"Miami",TRUE,279,"Pacific",FALSE
"370",2013,2013-03-22,152,"NC State",FALSE,218,"Temple",TRUE
"371",2013,2013-03-22,275,"Wisconsin",FALSE,145,"Ole Miss",TRUE
"372",2013,2013-03-22,150,"Duke",TRUE,399,"Albany",FALSE
"373",2013,2013-03-21,183,"Syracuse",TRUE,149,"Montana",FALSE
"374",2013,2013-03-21,167,"New Mexico",FALSE,108,"Harvard",TRUE
"375",2013,2013-03-21,2670,"VCU",TRUE,2006,"Akron",FALSE
"376",2013,2013-03-21,36,"Colorado St",TRUE,142,"Missouri",FALSE
"377",2013,2013-03-21,2439,"UNLV",FALSE,25,"California",TRUE
"378",2013,2013-03-21,12,"Arizona",TRUE,2057,"Belmont",FALSE
"379",2013,2013-03-21,130,"Michigan",TRUE,2571,"S Dakota St",FALSE
"380",2013,2013-03-21,97,"Louisville",TRUE,2448,"NC A&T",FALSE
"381",2013,2013-03-21,197,"Oklahoma St",FALSE,2483,"Oregon",TRUE
"382",2013,2013-03-21,2250,"Gonzaga",TRUE,2582,"Southern",FALSE
"383",2013,2013-03-21,269,"Marquette",TRUE,2166,"Davidson",FALSE
"384",2013,2013-03-21,235,"Memphis",TRUE,2608,"Saint Mary's",FALSE
"385",2013,2013-03-21,139,"Saint Louis",TRUE,166,"New Mexico St",FALSE
"386",2013,2013-03-21,221,"Pitt",FALSE,2724,"Wichita St",TRUE
"387",2013,2013-03-21,2086,"Butler",TRUE,2083,"Bucknell",FALSE
"388",2013,2013-03-21,127,"Michigan St",TRUE,2674,"Valparaiso",FALSE
"389",2013,2013-03-20,68,"Boise St",FALSE,2325,"La Salle",TRUE
"390",2013,2013-03-20,256,"James Madison",TRUE,112358,"Long Island",FALSE
"391",2013,2013-03-19,2393,"MTSU",FALSE,2608,"Saint Mary's",TRUE
"392",2013,2013-03-19,2335,"Liberty",FALSE,2448,"NC A&T",TRUE
"393",2014,2014-04-07,41,"UConn",TRUE,96,"Kentucky",FALSE
"394",2014,2014-04-05,275,"Wisconsin",FALSE,96,"Kentucky",TRUE
"395",2014,2014-04-05,57,"Florida",FALSE,41,"UConn",TRUE
"396",2014,2014-03-30,130,"Michigan",FALSE,96,"Kentucky",TRUE
"397",2014,2014-03-30,127,"Michigan St",FALSE,41,"UConn",TRUE
"398",2014,2014-03-29,12,"Arizona",FALSE,275,"Wisconsin",TRUE
"399",2014,2014-03-29,57,"Florida",TRUE,2168,"Dayton",FALSE
"400",2014,2014-03-28,258,"Virginia",FALSE,127,"Michigan St",TRUE
"401",2014,2014-03-28,97,"Louisville",FALSE,96,"Kentucky",TRUE
"402",2014,2014-03-28,66,"Iowa State",FALSE,41,"UConn",TRUE
"403",2014,2014-03-28,130,"Michigan",TRUE,2633,"Tennessee",FALSE
"404",2014,2014-03-27,12,"Arizona",TRUE,21,"San Diego St",FALSE
"405",2014,2014-03-27,57,"Florida",TRUE,26,"UCLA",FALSE
"406",2014,2014-03-27,275,"Wisconsin",TRUE,239,"Baylor",FALSE
"407",2014,2014-03-27,24,"Stanford",FALSE,2168,"Dayton",TRUE
"408",2014,2014-03-23,12,"Arizona",TRUE,2250,"Gonzaga",FALSE
"409",2014,2014-03-23,258,"Virginia",TRUE,235,"Memphis",FALSE
"410",2014,2014-03-23,156,"Creighton",FALSE,239,"Baylor",TRUE
"411",2014,2014-03-23,26,"UCLA",TRUE,2617,"SF Austin",FALSE
"412",2014,2014-03-23,2633,"Tennessee",TRUE,2382,"Mercer",FALSE
"413",2014,2014-03-23,66,"Iowa State",TRUE,153,"North Carolina",FALSE
"414",2014,2014-03-23,2724,"Wichita St",FALSE,96,"Kentucky",TRUE
"415",2014,2014-03-23,2305,"Kansas",FALSE,24,"Stanford",TRUE
"416",2014,2014-03-22,222,"Villanova",FALSE,41,"UConn",TRUE
"417",2014,2014-03-22,127,"Michigan St",TRUE,108,"Harvard",FALSE
"418",2014,2014-03-22,275,"Wisconsin",TRUE,2483,"Oregon",FALSE
"419",2014,2014-03-22,183,"Syracuse",FALSE,2168,"Dayton",TRUE
"420",2014,2014-03-22,21,"San Diego St",TRUE,2449,"N Dakota St",FALSE
"421",2014,2014-03-22,130,"Michigan",TRUE,251,"Texas",FALSE
"422",2014,2014-03-22,97,"Louisville",TRUE,139,"Saint Louis",FALSE
"423",2014,2014-03-22,57,"Florida",TRUE,221,"Pitt",FALSE
"424",2014,2014-03-21,26,"UCLA",TRUE,202,"Tulsa",FALSE
"425",2014,2014-03-21,66,"Iowa State",TRUE,2428,"NC Central",FALSE
"426",2014,2014-03-21,96,"Kentucky",TRUE,2306,"Kansas St",FALSE
"427",2014,2014-03-21,258,"Virginia",TRUE,324,"Coast Car",FALSE
"428",2014,2014-03-21,2670,"VCU",FALSE,2617,"SF Austin",TRUE
"429",2014,2014-03-21,2724,"Wichita St",TRUE,13,"Cal Poly",FALSE
"430",2014,2014-03-21,153,"North Carolina",TRUE,2507,"Providence",FALSE
"431",2014,2014-03-21,235,"Memphis",TRUE,45,"G Washington",FALSE
"432",2014,2014-03-21,2250,"Gonzaga",TRUE,197,"Oklahoma St",FALSE
"433",2014,2014-03-21,2305,"Kansas",TRUE,2198,"E Kentucky",FALSE
"434",2014,2014-03-21,156,"Creighton",TRUE,309,"Louisiana",FALSE
"435",2014,2014-03-21,113,"UMass",FALSE,2633,"Tennessee",TRUE
"436",2014,2014-03-21,12,"Arizona",TRUE,2692,"Weber St",FALSE
"437",2014,2014-03-21,167,"New Mexico",FALSE,24,"Stanford",TRUE
"438",2014,2014-03-21,239,"Baylor",TRUE,158,"Nebraska",FALSE
"439",2014,2014-03-21,150,"Duke",FALSE,2382,"Mercer",TRUE
"440",2014,2014-03-20,21,"San Diego St",TRUE,166,"New Mexico St",FALSE
"441",2014,2014-03-20,97,"Louisville",TRUE,2363,"Manhattan",FALSE
"442",2014,2014-03-20,222,"Villanova",TRUE,270,"Milwaukee",FALSE
"443",2014,2014-03-20,251,"Texas",TRUE,9,"Arizona St",FALSE
"444",2014,2014-03-20,201,"Oklahoma",FALSE,2449,"N Dakota St",TRUE
"445",2014,2014-03-20,139,"Saint Louis",TRUE,152,"NC State",FALSE
"446",2014,2014-03-20,130,"Michigan",TRUE,2747,"Wofford",FALSE
"447",2014,2014-03-20,41,"UConn",TRUE,2603,"Saint Joseph's",FALSE
"448",2014,2014-03-20,127,"Michigan St",TRUE,48,"Delaware",FALSE
"449",2014,2014-03-20,57,"Florida",TRUE,399,"Albany",FALSE
"450",2014,2014-03-20,2483,"Oregon",TRUE,252,"BYU",FALSE
"451",2014,2014-03-20,183,"Syracuse",TRUE,2711,"W Michigan",FALSE
"452",2014,2014-03-20,2132,"Cincinnati",FALSE,108,"Harvard",TRUE
"453",2014,2014-03-20,38,"Colorado",FALSE,221,"Pitt",TRUE
"454",2014,2014-03-20,275,"Wisconsin",TRUE,44,"American",FALSE
"455",2014,2014-03-20,194,"Ohio State",FALSE,2168,"Dayton",TRUE
"456",2014,2014-03-19,2633,"Tennessee",TRUE,2294,"Iowa",FALSE
"457",2014,2014-03-19,2640,"Texas Southern",FALSE,13,"Cal Poly",TRUE
"458",2014,2014-03-18,2752,"Xavier",FALSE,152,"NC State",TRUE
"459",2014,2014-03-18,116,"Mount St Mary",FALSE,399,"Albany",TRUE
"460",2015,2015-04-06,150,"Duke",TRUE,275,"Wisconsin",FALSE
"461",2015,2015-04-04,96,"Kentucky",FALSE,275,"Wisconsin",TRUE
"462",2015,2015-04-04,150,"Duke",TRUE,127,"Michigan St",FALSE
"463",2015,2015-03-29,150,"Duke",TRUE,2250,"Gonzaga",FALSE
"464",2015,2015-03-29,97,"Louisville",FALSE,127,"Michigan St",TRUE
"465",2015,2015-03-28,96,"Kentucky",TRUE,87,"Notre Dame",FALSE
"466",2015,2015-03-28,275,"Wisconsin",TRUE,12,"Arizona",FALSE
"467",2015,2015-03-27,201,"Oklahoma",FALSE,127,"Michigan St",TRUE
"468",2015,2015-03-27,150,"Duke",TRUE,254,"Utah",FALSE
"469",2015,2015-03-27,97,"Louisville",TRUE,152,"NC State",FALSE
"470",2015,2015-03-27,2250,"Gonzaga",TRUE,26,"UCLA",FALSE
"471",2015,2015-03-26,12,"Arizona",TRUE,2752,"Xavier",FALSE
"472",2015,2015-03-26,96,"Kentucky",TRUE,277,"West Virginia",FALSE
"473",2015,2015-03-26,275,"Wisconsin",TRUE,153,"North Carolina",FALSE
"474",2015,2015-03-26,87,"Notre Dame",TRUE,2724,"Wichita St",FALSE
"475",2015,2015-03-22,97,"Louisville",TRUE,2460,"Northern Iowa",FALSE
"476",2015,2015-03-22,120,"Maryland",FALSE,277,"West Virginia",TRUE
"477",2015,2015-03-22,275,"Wisconsin",TRUE,2483,"Oregon",FALSE
"478",2015,2015-03-22,2250,"Gonzaga",TRUE,2294,"Iowa",FALSE
"479",2015,2015-03-22,201,"Oklahoma",TRUE,2168,"Dayton",FALSE
"480",2015,2015-03-22,2305,"Kansas",FALSE,2724,"Wichita St",TRUE
"481",2015,2015-03-22,150,"Duke",TRUE,21,"San Diego St",FALSE
"482",2015,2015-03-22,258,"Virginia",FALSE,127,"Michigan St",TRUE
"483",2015,2015-03-21,87,"Notre Dame",TRUE,2086,"Butler",FALSE
"484",2015,2015-03-21,153,"North Carolina",TRUE,8,"Arkansas",FALSE
"485",2015,2015-03-21,46,"Georgetown",FALSE,254,"Utah",TRUE
"486",2015,2015-03-21,222,"Villanova",FALSE,152,"NC State",TRUE
"487",2015,2015-03-21,2752,"Xavier",TRUE,2247,"Georgia St",FALSE
"488",2015,2015-03-21,12,"Arizona",TRUE,194,"Ohio State",FALSE
"489",2015,2015-03-21,96,"Kentucky",TRUE,2132,"Cincinnati",FALSE
"490",2015,2015-03-21,26,"UCLA",TRUE,5,"UAB",FALSE
"491",2015,2015-03-20,2507,"Providence",FALSE,2168,"Dayton",TRUE
"492",2015,2015-03-20,2250,"Gonzaga",TRUE,2449,"N Dakota St",FALSE
"493",2015,2015-03-20,21,"San Diego St",TRUE,2599,"St John's",FALSE
"494",2015,2015-03-20,275,"Wisconsin",TRUE,324,"Coast Car",FALSE
"495",2015,2015-03-20,201,"Oklahoma",TRUE,399,"Albany",FALSE
"496",2015,2015-03-20,2294,"Iowa",TRUE,2166,"Davidson",FALSE
"497",2015,2015-03-20,150,"Duke",TRUE,2523,"Robert Morris",FALSE
"498",2015,2015-03-20,2483,"Oregon",TRUE,197,"Oklahoma St",FALSE
"499",2015,2015-03-20,120,"Maryland",TRUE,2674,"Valparaiso",FALSE
"500",2015,2015-03-20,97,"Louisville",TRUE,300,"UC Irvine",FALSE
"501",2015,2015-03-20,258,"Virginia",TRUE,2057,"Belmont",FALSE
"502",2015,2015-03-20,2724,"Wichita St",TRUE,84,"Indiana",FALSE
"503",2015,2015-03-20,277,"West Virginia",TRUE,2084,"Buffalo",FALSE
"504",2015,2015-03-20,2460,"Northern Iowa",TRUE,2751,"Wyoming",FALSE
"505",2015,2015-03-20,127,"Michigan St",TRUE,61,"Georgia",FALSE
"506",2015,2015-03-20,2305,"Kansas",TRUE,166,"New Mexico St",FALSE
"507",2015,2015-03-19,46,"Georgetown",TRUE,331,"E Washington",FALSE
"508",2015,2015-03-19,96,"Kentucky",TRUE,2261,"Hampton",FALSE
"509",2015,2015-03-19,8,"Arkansas",TRUE,2747,"Wofford",FALSE
"510",2015,2015-03-19,152,"NC State",TRUE,99,"LSU",FALSE
"511",2015,2015-03-19,254,"Utah",TRUE,2617,"SF Austin",FALSE
"512",2015,2015-03-19,153,"North Carolina",TRUE,108,"Harvard",FALSE
"513",2015,2015-03-19,2132,"Cincinnati",TRUE,2509,"Purdue",FALSE
"514",2015,2015-03-19,222,"Villanova",TRUE,322,"Lafayette",FALSE
"515",2015,2015-03-19,2670,"VCU",FALSE,194,"Ohio State",TRUE
"516",2015,2015-03-19,2752,"Xavier",TRUE,145,"Ole Miss",FALSE
"517",2015,2015-03-19,2567,"SMU",FALSE,26,"UCLA",TRUE
"518",2015,2015-03-19,2086,"Butler",TRUE,251,"Texas",FALSE
"519",2015,2015-03-19,12,"Arizona",TRUE,2640,"Texas Southern",FALSE
"520",2015,2015-03-19,239,"Baylor",FALSE,2247,"Georgia St",TRUE
"521",2015,2015-03-19,66,"Iowa State",FALSE,5,"UAB",TRUE
"522",2015,2015-03-19,87,"Notre Dame",TRUE,111,"Northeastern",FALSE
"523",2015,2015-03-18,68,"Boise St",FALSE,2168,"Dayton",TRUE
"524",2015,2015-03-18,2454,"North Florida",FALSE,2523,"Robert Morris",TRUE
"525",2015,2015-03-17,145,"Ole Miss",TRUE,252,"BYU",FALSE
"526",2015,2015-03-17,2363,"Manhattan",FALSE,2261,"Hampton",TRUE
"527",2016,2016-04-04,153,"North Carolina",FALSE,222,"Villanova",TRUE
"528",2016,2016-04-02,153,"North Carolina",TRUE,183,"Syracuse",FALSE
"529",2016,2016-04-02,201,"Oklahoma",FALSE,222,"Villanova",TRUE
"530",2016,2016-03-27,153,"North Carolina",TRUE,87,"Notre Dame",FALSE
"531",2016,2016-03-27,258,"Virginia",FALSE,183,"Syracuse",TRUE
"532",2016,2016-03-26,2305,"Kansas",FALSE,222,"Villanova",TRUE
"533",2016,2016-03-26,2483,"Oregon",FALSE,201,"Oklahoma",TRUE
"534",2016,2016-03-25,153,"North Carolina",TRUE,84,"Indiana",FALSE
"535",2016,2016-03-25,183,"Syracuse",TRUE,2250,"Gonzaga",FALSE
"536",2016,2016-03-25,87,"Notre Dame",TRUE,275,"Wisconsin",FALSE
"537",2016,2016-03-25,258,"Virginia",TRUE,66,"Iowa State",FALSE
"538",2016,2016-03-24,2483,"Oregon",TRUE,150,"Duke",FALSE
"539",2016,2016-03-24,2305,"Kansas",TRUE,120,"Maryland",FALSE
"540",2016,2016-03-24,201,"Oklahoma",TRUE,245,"Texas A&M",FALSE
"541",2016,2016-03-24,222,"Villanova",TRUE,2390,"Miami",FALSE
"542",2016,2016-03-20,2483,"Oregon",TRUE,2603,"Saint Joseph's",FALSE
"543",2016,2016-03-20,2752,"Xavier",FALSE,275,"Wisconsin",TRUE
"544",2016,2016-03-20,245,"Texas A&M",TRUE,2460,"Northern Iowa",FALSE
"545",2016,2016-03-20,120,"Maryland",TRUE,62,"Hawai'i",FALSE
"546",2016,2016-03-20,183,"Syracuse",TRUE,2393,"MTSU",FALSE
"547",2016,2016-03-20,201,"Oklahoma",TRUE,2670,"VCU",FALSE
"548",2016,2016-03-20,87,"Notre Dame",TRUE,2617,"SF Austin",FALSE
"549",2016,2016-03-20,222,"Villanova",TRUE,2294,"Iowa",FALSE
"550",2016,2016-03-19,153,"North Carolina",TRUE,2507,"Providence",FALSE
"551",2016,2016-03-19,254,"Utah",FALSE,2250,"Gonzaga",TRUE
"552",2016,2016-03-19,2305,"Kansas",TRUE,41,"UConn",FALSE
"553",2016,2016-03-19,258,"Virginia",TRUE,2086,"Butler",FALSE
"554",2016,2016-03-19,66,"Iowa State",TRUE,2031,"Little Rock",FALSE
"555",2016,2016-03-19,96,"Kentucky",FALSE,84,"Indiana",TRUE
"556",2016,2016-03-19,150,"Duke",TRUE,43,"Yale",FALSE
"557",2016,2016-03-19,2390,"Miami",TRUE,2724,"Wichita St",FALSE
"558",2016,2016-03-18,2603,"Saint Joseph's",TRUE,2132,"Cincinnati",FALSE
"559",2016,2016-03-18,87,"Notre Dame",TRUE,130,"Michigan",FALSE
"560",2016,2016-03-18,251,"Texas",FALSE,2460,"Northern Iowa",TRUE
"561",2016,2016-03-18,2752,"Xavier",TRUE,2692,"Weber St",FALSE
"562",2016,2016-03-18,2483,"Oregon",TRUE,107,"Holy Cross",FALSE
"563",2016,2016-03-18,245,"Texas A&M",TRUE,2739,"Green Bay",FALSE
"564",2016,2016-03-18,277,"West Virginia",FALSE,2617,"SF Austin",TRUE
"565",2016,2016-03-18,275,"Wisconsin",TRUE,221,"Pitt",FALSE
"566",2016,2016-03-18,120,"Maryland",TRUE,2571,"S Dakota St",FALSE
"567",2016,2016-03-18,201,"Oklahoma",TRUE,2934,"Bakersfield",FALSE
"568",2016,2016-03-18,2294,"Iowa",TRUE,218,"Temple",FALSE
"569",2016,2016-03-18,127,"Michigan St",FALSE,2393,"MTSU",TRUE
"570",2016,2016-03-18,25,"California",FALSE,62,"Hawai'i",TRUE
"571",2016,2016-03-18,204,"Oregon St",FALSE,2670,"VCU",TRUE
"572",2016,2016-03-18,222,"Villanova",TRUE,2427,"UNC Asheville",FALSE
"573",2016,2016-03-18,2168,"Dayton",FALSE,183,"Syracuse",TRUE
"574",2016,2016-03-17,2550,"Seton Hall",FALSE,2250,"Gonzaga",TRUE
"575",2016,2016-03-17,30,"USC",FALSE,2507,"Providence",TRUE
"576",2016,2016-03-17,96,"Kentucky",TRUE,2619,"Stony Brook",FALSE
"577",2016,2016-03-17,12,"Arizona",FALSE,2724,"Wichita St",TRUE
"578",2016,2016-03-17,254,"Utah",TRUE,278,"Fresno St",FALSE
"579",2016,2016-03-17,153,"North Carolina",TRUE,526,"FGCU",FALSE
"580",2016,2016-03-17,84,"Indiana",TRUE,236,"Chattanooga",FALSE
"581",2016,2016-03-17,2390,"Miami",TRUE,2084,"Buffalo",FALSE
"582",2016,2016-03-17,2509,"Purdue",FALSE,2031,"Little Rock",TRUE
"583",2016,2016-03-17,2305,"Kansas",TRUE,2046,"Austin Peay",FALSE
"584",2016,2016-03-17,258,"Virginia",TRUE,2261,"Hampton",FALSE
"585",2016,2016-03-17,239,"Baylor",FALSE,43,"Yale",TRUE
"586",2016,2016-03-17,66,"Iowa State",TRUE,314,"Iona",FALSE
"587",2016,2016-03-17,38,"Colorado",FALSE,41,"UConn",TRUE
"588",2016,2016-03-17,2641,"Texas Tech",FALSE,2086,"Butler",TRUE
"589",2016,2016-03-17,150,"Duke",TRUE,350,"UNC Wilmington",FALSE
"590",2016,2016-03-16,130,"Michigan",TRUE,202,"Tulsa",FALSE
"591",2016,2016-03-16,2582,"Southern",FALSE,107,"Holy Cross",TRUE
"592",2016,2016-03-15,238,"Vanderbilt",FALSE,2724,"Wichita St",TRUE
"593",2016,2016-03-15,526,"FGCU",TRUE,161,"Fair Dickinson",FALSE
"594",2017,2017-04-03,153,"North Carolina",TRUE,2250,"Gonzaga",FALSE
"595",2017,2017-04-01,153,"North Carolina",TRUE,2483,"Oregon",FALSE
"596",2017,2017-04-01,2250,"Gonzaga",TRUE,2579,"South Carolina",FALSE
"597",2017,2017-03-26,153,"North Carolina",TRUE,96,"Kentucky",FALSE
"598",2017,2017-03-26,57,"Florida",FALSE,2579,"South Carolina",TRUE
"599",2017,2017-03-25,2305,"Kansas",FALSE,2483,"Oregon",TRUE
"600",2017,2017-03-25,2250,"Gonzaga",TRUE,2752,"Xavier",FALSE
"601",2017,2017-03-24,57,"Florida",TRUE,275,"Wisconsin",FALSE
"602",2017,2017-03-24,96,"Kentucky",TRUE,26,"UCLA",FALSE
"603",2017,2017-03-24,239,"Baylor",FALSE,2579,"South Carolina",TRUE
"604",2017,2017-03-24,153,"North Carolina",TRUE,2086,"Butler",FALSE
"605",2017,2017-03-23,12,"Arizona",FALSE,2752,"Xavier",TRUE
"606",2017,2017-03-23,2305,"Kansas",TRUE,2509,"Purdue",FALSE
"607",2017,2017-03-23,2250,"Gonzaga",TRUE,277,"West Virginia",FALSE
"608",2017,2017-03-23,2483,"Oregon",TRUE,130,"Michigan",FALSE
"609",2017,2017-03-19,26,"UCLA",TRUE,2132,"Cincinnati",FALSE
"610",2017,2017-03-19,150,"Duke",FALSE,2579,"South Carolina",TRUE
"611",2017,2017-03-19,239,"Baylor",TRUE,30,"USC",FALSE
"612",2017,2017-03-19,2483,"Oregon",TRUE,227,"Rhode Island",FALSE
"613",2017,2017-03-19,153,"North Carolina",TRUE,8,"Arkansas",FALSE
"614",2017,2017-03-19,2305,"Kansas",TRUE,127,"Michigan St",FALSE
"615",2017,2017-03-19,96,"Kentucky",TRUE,2724,"Wichita St",FALSE
"616",2017,2017-03-19,97,"Louisville",FALSE,130,"Michigan",TRUE
"617",2017,2017-03-18,2509,"Purdue",TRUE,66,"Iowa State",FALSE
"618",2017,2017-03-18,57,"Florida",TRUE,258,"Virginia",FALSE
"619",2017,2017-03-18,12,"Arizona",TRUE,2608,"Saint Mary's",FALSE
"620",2017,2017-03-18,2086,"Butler",TRUE,2393,"MTSU",FALSE
"621",2017,2017-03-18,52,"Florida St",FALSE,2752,"Xavier",TRUE
"622",2017,2017-03-18,2250,"Gonzaga",TRUE,77,"Northwestern",FALSE
"623",2017,2017-03-18,222,"Villanova",FALSE,275,"Wisconsin",TRUE
"624",2017,2017-03-18,277,"West Virginia",TRUE,87,"Notre Dame",FALSE
"625",2017,2017-03-17,26,"UCLA",TRUE,2309,"Kent State",FALSE
"626",2017,2017-03-17,96,"Kentucky",TRUE,94,"N Kentucky",FALSE
"627",2017,2017-03-17,2579,"South Carolina",TRUE,269,"Marquette",FALSE
"628",2017,2017-03-17,2390,"Miami",FALSE,127,"Michigan St",TRUE
"629",2017,2017-03-17,2132,"Cincinnati",TRUE,2306,"Kansas St",FALSE
"630",2017,2017-03-17,150,"Duke",TRUE,2653,"Troy",FALSE
"631",2017,2017-03-17,2168,"Dayton",FALSE,2724,"Wichita St",TRUE
"632",2017,2017-03-17,2305,"Kansas",TRUE,302,"UC Davis",FALSE
"633",2017,2017-03-17,156,"Creighton",FALSE,227,"Rhode Island",TRUE
"634",2017,2017-03-17,153,"North Carolina",TRUE,2640,"Texas Southern",FALSE
"635",2017,2017-03-17,2567,"SMU",FALSE,30,"USC",TRUE
"636",2017,2017-03-17,97,"Louisville",TRUE,55,"J'Ville St",FALSE
"637",2017,2017-03-17,2483,"Oregon",TRUE,314,"Iona",FALSE
"638",2017,2017-03-17,8,"Arkansas",TRUE,2550,"Seton Hall",FALSE
"639",2017,2017-03-17,239,"Baylor",TRUE,166,"New Mexico St",FALSE
"640",2017,2017-03-17,130,"Michigan",TRUE,197,"Oklahoma St",FALSE
"641",2017,2017-03-16,12,"Arizona",TRUE,155,"North Dakota",FALSE
"642",2017,2017-03-16,66,"Iowa State",TRUE,2440,"Nevada",FALSE
"643",2017,2017-03-16,275,"Wisconsin",TRUE,259,"Virginia Tech",FALSE
"644",2017,2017-03-16,52,"Florida St",TRUE,526,"FGCU",FALSE
"645",2017,2017-03-16,2509,"Purdue",TRUE,261,"Vermont",FALSE
"646",2017,2017-03-16,2608,"Saint Mary's",TRUE,2670,"VCU",FALSE
"647",2017,2017-03-16,222,"Villanova",TRUE,116,"Mount St Mary",FALSE
"648",2017,2017-03-16,120,"Maryland",FALSE,2752,"Xavier",TRUE
"649",2017,2017-03-16,77,"Northwestern",TRUE,238,"Vanderbilt",FALSE
"650",2017,2017-03-16,135,"Minnesota",FALSE,2393,"MTSU",TRUE
"651",2017,2017-03-16,57,"Florida",TRUE,2193,"ETSU",FALSE
"652",2017,2017-03-16,277,"West Virginia",TRUE,2083,"Bucknell",FALSE
"653",2017,2017-03-16,2250,"Gonzaga",TRUE,2571,"S Dakota St",FALSE
"654",2017,2017-03-16,2086,"Butler",TRUE,2737,"Winthrop",FALSE
"655",2017,2017-03-16,258,"Virginia",TRUE,350,"UNC Wilmington",FALSE
"656",2017,2017-03-16,87,"Notre Dame",TRUE,163,"Princeton",FALSE
"657",2017,2017-03-15,2507,"Providence",FALSE,30,"USC",TRUE
"658",2017,2017-03-15,302,"UC Davis",TRUE,2428,"NC Central",FALSE
"659",2018,2018-04-02,222,"Villanova",TRUE,130,"Michigan",FALSE
"660",2018,2018-03-31,222,"Villanova",TRUE,2305,"Kansas",FALSE
"661",2018,2018-03-31,130,"Michigan",TRUE,2350,"Loyola Chicago",FALSE
"662",2018,2018-03-25,2305,"Kansas",TRUE,150,"Duke",FALSE
"663",2018,2018-03-25,222,"Villanova",TRUE,2641,"Texas Tech",FALSE
"664",2018,2018-03-24,130,"Michigan",TRUE,52,"Florida St",FALSE
"665",2018,2018-03-24,2306,"Kansas St",FALSE,2350,"Loyola Chicago",TRUE
"666",2018,2018-03-23,2509,"Purdue",FALSE,2641,"Texas Tech",TRUE
"667",2018,2018-03-23,150,"Duke",TRUE,183,"Syracuse",FALSE
"668",2018,2018-03-23,222,"Villanova",TRUE,277,"West Virginia",FALSE
"669",2018,2018-03-23,2305,"Kansas",TRUE,228,"Clemson",FALSE
"670",2018,2018-03-22,2250,"Gonzaga",FALSE,52,"Florida St",TRUE
"671",2018,2018-03-22,96,"Kentucky",FALSE,2306,"Kansas St",TRUE
"672",2018,2018-03-22,130,"Michigan",TRUE,245,"Texas A&M",FALSE
"673",2018,2018-03-22,2440,"Nevada",FALSE,2350,"Loyola Chicago",TRUE
"674",2018,2018-03-18,277,"West Virginia",TRUE,276,"Marshall",FALSE
"675",2018,2018-03-18,2752,"Xavier",FALSE,52,"Florida St",TRUE
"676",2018,2018-03-18,2306,"Kansas St",TRUE,2378,"UMBC",FALSE
"677",2018,2018-03-18,2,"Auburn",FALSE,228,"Clemson",TRUE
"678",2018,2018-03-18,2132,"Cincinnati",FALSE,2440,"Nevada",TRUE
"679",2018,2018-03-18,153,"North Carolina",FALSE,245,"Texas A&M",TRUE
"680",2018,2018-03-18,127,"Michigan St",FALSE,183,"Syracuse",TRUE
"681",2018,2018-03-18,2509,"Purdue",TRUE,2086,"Butler",FALSE
"682",2018,2018-03-17,130,"Michigan",TRUE,248,"Houston",FALSE
"683",2018,2018-03-17,2641,"Texas Tech",TRUE,57,"Florida",FALSE
"684",2018,2018-03-17,2250,"Gonzaga",TRUE,194,"Ohio State",FALSE
"685",2018,2018-03-17,2305,"Kansas",TRUE,2550,"Seton Hall",FALSE
"686",2018,2018-03-17,2633,"Tennessee",FALSE,2350,"Loyola Chicago",TRUE
"687",2018,2018-03-17,96,"Kentucky",TRUE,2084,"Buffalo",FALSE
"688",2018,2018-03-17,150,"Duke",TRUE,227,"Rhode Island",FALSE
"689",2018,2018-03-17,222,"Villanova",TRUE,333,"Alabama",FALSE
"690",2018,2018-03-16,142,"Missouri",FALSE,52,"Florida St",TRUE
"691",2018,2018-03-16,228,"Clemson",TRUE,166,"New Mexico St",FALSE
"692",2018,2018-03-16,2628,"TCU",FALSE,183,"Syracuse",TRUE
"693",2018,2018-03-16,258,"Virginia",FALSE,2378,"UMBC",TRUE
"694",2018,2018-03-16,2752,"Xavier",TRUE,2640,"Texas Southern",FALSE
"695",2018,2018-03-16,2,"Auburn",TRUE,232,"Charleston",FALSE
"696",2018,2018-03-16,127,"Michigan St",TRUE,2083,"Bucknell",FALSE
"697",2018,2018-03-16,156,"Creighton",FALSE,2306,"Kansas St",TRUE
"698",2018,2018-03-16,2440,"Nevada",TRUE,251,"Texas",FALSE
"699",2018,2018-03-16,277,"West Virginia",TRUE,93,"Murray St",FALSE
"700",2018,2018-03-16,8,"Arkansas",FALSE,2086,"Butler",TRUE
"701",2018,2018-03-16,153,"North Carolina",TRUE,288,"Lipscomb",FALSE
"702",2018,2018-03-16,2132,"Cincinnati",TRUE,2247,"Georgia St",FALSE
"703",2018,2018-03-16,2724,"Wichita St",FALSE,276,"Marshall",TRUE
"704",2018,2018-03-16,2509,"Purdue",TRUE,2239,"Fullerton",FALSE
"705",2018,2018-03-16,245,"Texas A&M",TRUE,2507,"Providence",FALSE
"706",2018,2018-03-15,130,"Michigan",TRUE,149,"Montana",FALSE
"707",2018,2018-03-15,57,"Florida",TRUE,179,"St Bonaventure",FALSE
"708",2018,2018-03-15,12,"Arizona",FALSE,2084,"Buffalo",TRUE
"709",2018,2018-03-15,259,"Virginia Tech",FALSE,333,"Alabama",TRUE
"710",2018,2018-03-15,248,"Houston",TRUE,21,"San Diego St",FALSE
"711",2018,2018-03-15,2641,"Texas Tech",TRUE,2617,"SF Austin",FALSE
"712",2018,2018-03-15,96,"Kentucky",TRUE,2166,"Davidson",FALSE
"713",2018,2018-03-15,222,"Villanova",TRUE,2515,"Radford",FALSE
"714",2018,2018-03-15,2550,"Seton Hall",TRUE,152,"NC State",FALSE
"715",2018,2018-03-15,194,"Ohio State",TRUE,2571,"S Dakota St",FALSE
"716",2018,2018-03-15,2390,"Miami",FALSE,2350,"Loyola Chicago",TRUE
"717",2018,2018-03-15,150,"Duke",TRUE,314,"Iona",FALSE
"718",2018,2018-03-15,2305,"Kansas",TRUE,219,"Penn",FALSE
"719",2018,2018-03-15,2250,"Gonzaga",TRUE,2430,"UNC Greensboro",FALSE
"720",2018,2018-03-15,2633,"Tennessee",TRUE,2750,"Wright St",FALSE
"721",2018,2018-03-15,227,"Rhode Island",TRUE,201,"Oklahoma",FALSE
"722",2018,2018-03-14,9,"Arizona St",FALSE,183,"Syracuse",TRUE
"723",2018,2018-03-14,2428,"NC Central",FALSE,2640,"Texas Southern",TRUE
"724",2018,2018-03-13,26,"UCLA",FALSE,179,"St Bonaventure",TRUE
"725",2018,2018-03-13,2515,"Radford",TRUE,112358,"Long Island",FALSE
"726",2019,2019-04-08,258,"Virginia",TRUE,2641,"Texas Tech",FALSE
"727",2019,2019-04-06,127,"Michigan St",FALSE,2641,"Texas Tech",TRUE
"728",2019,2019-04-06,258,"Virginia",TRUE,2,"Auburn",FALSE
"729",2019,2019-03-31,150,"Duke",FALSE,127,"Michigan St",TRUE
"730",2019,2019-03-31,96,"Kentucky",FALSE,2,"Auburn",TRUE
"731",2019,2019-03-30,258,"Virginia",TRUE,2509,"Purdue",FALSE
"732",2019,2019-03-30,2250,"Gonzaga",FALSE,2641,"Texas Tech",TRUE
"733",2019,2019-03-29,96,"Kentucky",TRUE,248,"Houston",FALSE
"734",2019,2019-03-29,150,"Duke",TRUE,259,"Virginia Tech",FALSE
"735",2019,2019-03-29,153,"North Carolina",FALSE,2,"Auburn",TRUE
"736",2019,2019-03-29,127,"Michigan St",TRUE,99,"LSU",FALSE
"737",2019,2019-03-28,258,"Virginia",TRUE,2483,"Oregon",FALSE
"738",2019,2019-03-28,130,"Michigan",FALSE,2641,"Texas Tech",TRUE
"739",2019,2019-03-28,2633,"Tennessee",FALSE,2509,"Purdue",TRUE
"740",2019,2019-03-28,2250,"Gonzaga",TRUE,52,"Florida St",FALSE
"741",2019,2019-03-24,2483,"Oregon",TRUE,300,"UC Irvine",FALSE
"742",2019,2019-03-24,248,"Houston",TRUE,194,"Ohio State",FALSE
"743",2019,2019-03-24,258,"Virginia",TRUE,201,"Oklahoma",FALSE
"744",2019,2019-03-24,259,"Virginia Tech",TRUE,2335,"Liberty",FALSE
"745",2019,2019-03-24,2641,"Texas Tech",TRUE,2084,"Buffalo",FALSE
"746",2019,2019-03-24,150,"Duke",TRUE,2116,"UCF",FALSE
"747",2019,2019-03-24,153,"North Carolina",TRUE,264,"Washington",FALSE
"748",2019,2019-03-24,2633,"Tennessee",TRUE,2294,"Iowa",FALSE
"749",2019,2019-03-23,2305,"Kansas",FALSE,2,"Auburn",TRUE
"750",2019,2019-03-23,2509,"Purdue",TRUE,222,"Villanova",FALSE
"751",2019,2019-03-23,127,"Michigan St",TRUE,135,"Minnesota",FALSE
"752",2019,2019-03-23,2250,"Gonzaga",TRUE,239,"Baylor",FALSE
"753",2019,2019-03-23,52,"Florida St",TRUE,93,"Murray St",FALSE
"754",2019,2019-03-23,130,"Michigan",TRUE,57,"Florida",FALSE
"755",2019,2019-03-23,96,"Kentucky",TRUE,2747,"Wofford",FALSE
"756",2019,2019-03-23,99,"LSU",TRUE,120,"Maryland",FALSE
"757",2019,2019-03-22,259,"Virginia Tech",TRUE,139,"Saint Louis",FALSE
"758",2019,2019-03-22,66,"Iowa State",FALSE,194,"Ohio State",TRUE
"759",2019,2019-03-22,2670,"VCU",FALSE,2116,"UCF",TRUE
"760",2019,2019-03-22,153,"North Carolina",TRUE,314,"Iona",FALSE
"761",2019,2019-03-22,344,"Mississippi St",FALSE,2335,"Liberty",TRUE
"762",2019,2019-03-22,248,"Houston",TRUE,2247,"Georgia St",FALSE
"763",2019,2019-03-22,150,"Duke",TRUE,2449,"N Dakota St",FALSE
"764",2019,2019-03-22,328,"Utah State",FALSE,264,"Washington",TRUE
"765",2019,2019-03-22,275,"Wisconsin",FALSE,2483,"Oregon",TRUE
"766",2019,2019-03-22,2084,"Buffalo",TRUE,9,"Arizona St",FALSE
"767",2019,2019-03-22,258,"Virginia",TRUE,2241,"Gardner-Webb",FALSE
"768",2019,2019-03-22,2633,"Tennessee",TRUE,2142,"Colgate",FALSE
"769",2019,2019-03-22,2306,"Kansas St",FALSE,300,"UC Irvine",TRUE
"770",2019,2019-03-22,2641,"Texas Tech",TRUE,94,"N Kentucky",FALSE
"771",2019,2019-03-22,145,"Ole Miss",FALSE,201,"Oklahoma",TRUE
"772",2019,2019-03-22,2132,"Cincinnati",FALSE,2294,"Iowa",TRUE
"773",2019,2019-03-21,2509,"Purdue",TRUE,295,"Old Dominion",FALSE
"774",2019,2019-03-21,183,"Syracuse",FALSE,239,"Baylor",TRUE
"775",2019,2019-03-21,130,"Michigan",TRUE,149,"Montana",FALSE
"776",2019,2019-03-21,2747,"Wofford",TRUE,2550,"Seton Hall",FALSE
"777",2019,2019-03-21,222,"Villanova",TRUE,2608,"Saint Mary's",FALSE
"778",2019,2019-03-21,2250,"Gonzaga",TRUE,161,"Fair Dickinson",FALSE
"779",2019,2019-03-21,96,"Kentucky",TRUE,2000,"Abilene Chrstn",FALSE
"780",2019,2019-03-21,2440,"Nevada",FALSE,57,"Florida",TRUE
"781",2019,2019-03-21,269,"Marquette",FALSE,93,"Murray St",TRUE
"782",2019,2019-03-21,2305,"Kansas",TRUE,111,"Northeastern",FALSE
"783",2019,2019-03-21,120,"Maryland",TRUE,2057,"Belmont",FALSE
"784",2019,2019-03-21,127,"Michigan St",TRUE,71,"Bradley",FALSE
"785",2019,2019-03-21,52,"Florida St",TRUE,261,"Vermont",FALSE
"786",2019,2019-03-21,2,"Auburn",TRUE,166,"New Mexico St",FALSE
"787",2019,2019-03-21,99,"LSU",TRUE,43,"Yale",FALSE
"788",2019,2019-03-21,97,"Louisville",FALSE,135,"Minnesota",TRUE
"789",2019,2019-03-20,9,"Arizona St",TRUE,2599,"St John's",FALSE
"790",2019,2019-03-20,2449,"N Dakota St",TRUE,2428,"NC Central",FALSE
"791",2019,2019-03-19,2057,"Belmont",TRUE,218,"Temple",FALSE
"792",2019,2019-03-19,2504,"Prairie View",FALSE,161,"Fair Dickinson",TRUE
"793",2021,2021-04-05,2250,"Gonzaga",FALSE,239,"Baylor",TRUE
"794",2021,2021-04-03,2250,"Gonzaga",TRUE,26,"UCLA",FALSE
"795",2021,2021-04-03,239,"Baylor",TRUE,248,"Houston",FALSE
"796",2021,2021-03-30,130,"Michigan",FALSE,26,"UCLA",TRUE
"797",2021,2021-03-30,2250,"Gonzaga",TRUE,30,"USC",FALSE
"798",2021,2021-03-29,239,"Baylor",TRUE,8,"Arkansas",FALSE
"799",2021,2021-03-29,248,"Houston",TRUE,204,"Oregon St",FALSE
"800",2021,2021-03-28,30,"USC",TRUE,2483,"Oregon",FALSE
"801",2021,2021-03-28,333,"Alabama",FALSE,26,"UCLA",TRUE
"802",2021,2021-03-28,130,"Michigan",TRUE,52,"Florida St",FALSE
"803",2021,2021-03-28,2250,"Gonzaga",TRUE,156,"Creighton",FALSE
"804",2021,2021-03-27,248,"Houston",TRUE,183,"Syracuse",FALSE
"805",2021,2021-03-27,8,"Arkansas",TRUE,198,"Oral Roberts",FALSE
"806",2021,2021-03-27,239,"Baylor",TRUE,222,"Villanova",FALSE
"807",2021,2021-03-27,2350,"Loyola Chicago",FALSE,204,"Oregon St",TRUE
"808",2021,2021-03-22,2305,"Kansas",FALSE,30,"USC",TRUE
"809",2021,2021-03-22,333,"Alabama",TRUE,120,"Maryland",FALSE
"810",2021,2021-03-22,52,"Florida St",TRUE,38,"Colorado",FALSE
"811",2021,2021-03-22,130,"Michigan",TRUE,99,"LSU",FALSE
"812",2021,2021-03-22,156,"Creighton",TRUE,195,"Ohio",FALSE
"813",2021,2021-03-22,26,"UCLA",TRUE,2000,"Abilene Chrstn",FALSE
"814",2021,2021-03-22,2250,"Gonzaga",TRUE,201,"Oklahoma",FALSE
"815",2021,2021-03-22,2294,"Iowa",FALSE,2483,"Oregon",TRUE
"816",2021,2021-03-21,197,"Oklahoma St",FALSE,204,"Oregon St",TRUE
"817",2021,2021-03-21,222,"Villanova",TRUE,249,"North Texas",FALSE
"818",2021,2021-03-21,57,"Florida",FALSE,198,"Oral Roberts",TRUE
"819",2021,2021-03-21,248,"Houston",TRUE,164,"Rutgers",FALSE
"820",2021,2021-03-21,8,"Arkansas",TRUE,2641,"Texas Tech",FALSE
"821",2021,2021-03-21,277,"West Virginia",FALSE,183,"Syracuse",TRUE
"822",2021,2021-03-21,239,"Baylor",TRUE,275,"Wisconsin",FALSE
"823",2021,2021-03-21,356,"Illinois",FALSE,2350,"Loyola Chicago",TRUE
"824",2021,2021-03-20,251,"Texas",FALSE,2000,"Abilene Chrstn",TRUE
"825",2021,2021-03-20,252,"BYU",FALSE,26,"UCLA",TRUE
"826",2021,2021-03-20,2250,"Gonzaga",TRUE,2450,"Norfolk St",FALSE
"827",2021,2021-03-20,201,"Oklahoma",TRUE,142,"Missouri",FALSE
"828",2021,2021-03-20,258,"Virginia",FALSE,195,"Ohio",TRUE
"829",2021,2021-03-20,41,"UConn",FALSE,120,"Maryland",TRUE
"830",2021,2021-03-20,2294,"Iowa",TRUE,2253,"Grand Canyon",FALSE
"831",2021,2021-03-20,30,"USC",TRUE,2181,"Drake",FALSE
"832",2021,2021-03-20,333,"Alabama",TRUE,314,"Iona",FALSE
"833",2021,2021-03-20,156,"Creighton",TRUE,2540,"UCSB",FALSE
"834",2021,2021-03-20,130,"Michigan",TRUE,2640,"Texas Southern",FALSE
"835",2021,2021-03-20,99,"LSU",TRUE,179,"St Bonaventure",FALSE
"836",2021,2021-03-20,2305,"Kansas",TRUE,331,"E Washington",FALSE
"837",2021,2021-03-20,52,"Florida St",TRUE,2430,"UNC Greensboro",FALSE
"838",2021,2021-03-20,38,"Colorado",TRUE,46,"Georgetown",FALSE
"839",2021,2021-03-19,277,"West Virginia",TRUE,2413,"Morehead St",FALSE
"840",2021,2021-03-19,222,"Villanova",TRUE,2737,"Winthrop",FALSE
"841",2021,2021-03-19,21,"San Diego St",FALSE,183,"Syracuse",TRUE
"842",2021,2021-03-19,228,"Clemson",FALSE,164,"Rutgers",TRUE
"843",2021,2021-03-19,2509,"Purdue",FALSE,249,"North Texas",TRUE
"844",2021,2021-03-19,248,"Houston",TRUE,325,"Cleveland St",FALSE
"845",2021,2021-03-19,153,"North Carolina",FALSE,275,"Wisconsin",TRUE
"846",2021,2021-03-19,197,"Oklahoma St",TRUE,2335,"Liberty",FALSE
"847",2021,2021-03-19,2633,"Tennessee",FALSE,204,"Oregon St",TRUE
"848",2021,2021-03-19,2350,"Loyola Chicago",TRUE,59,"Georgia Tech",FALSE
"849",2021,2021-03-19,239,"Baylor",TRUE,42,"Hartford",FALSE
"850",2021,2021-03-19,194,"Ohio State",FALSE,198,"Oral Roberts",TRUE
"851",2021,2021-03-19,2641,"Texas Tech",TRUE,328,"Utah State",FALSE
"852",2021,2021-03-19,356,"Illinois",TRUE,2182,"Drexel",FALSE
"853",2021,2021-03-19,8,"Arkansas",TRUE,2142,"Colgate",FALSE
"854",2021,2021-03-19,57,"Florida",TRUE,259,"Virginia Tech",FALSE
"855",2021,2021-03-18,127,"Michigan St",FALSE,26,"UCLA",TRUE
"856",2021,2021-03-18,2450,"Norfolk St",TRUE,2026,"Appalachian St",FALSE
"857",2021,2021-03-18,2724,"Wichita St",FALSE,2181,"Drake",TRUE
"858",2021,2021-03-18,116,"Mount St Mary",FALSE,2640,"Texas Southern",TRUE
"859",2022,2022-04-04,2305,"Kansas",TRUE,153,"North Carolina",FALSE
"860",2022,2022-04-02,150,"Duke",FALSE,153,"North Carolina",TRUE
"861",2022,2022-04-02,2305,"Kansas",TRUE,222,"Villanova",FALSE
"862",2022,2022-03-27,153,"North Carolina",TRUE,2612,"Saint Peter's",FALSE
"863",2022,2022-03-27,2305,"Kansas",TRUE,2390,"Miami",FALSE
"864",2022,2022-03-26,150,"Duke",TRUE,8,"Arkansas",FALSE
"865",2022,2022-03-26,222,"Villanova",TRUE,248,"Houston",FALSE
"866",2022,2022-03-25,2390,"Miami",TRUE,66,"Iowa State",FALSE
"867",2022,2022-03-25,26,"UCLA",FALSE,153,"North Carolina",TRUE
"868",2022,2022-03-25,2305,"Kansas",TRUE,2507,"Providence",FALSE
"869",2022,2022-03-25,2509,"Purdue",FALSE,2612,"Saint Peter's",TRUE
"870",2022,2022-03-24,12,"Arizona",FALSE,248,"Houston",TRUE
"871",2022,2022-03-24,150,"Duke",TRUE,2641,"Texas Tech",FALSE
"872",2022,2022-03-24,222,"Villanova",TRUE,130,"Michigan",FALSE
"873",2022,2022-03-24,2250,"Gonzaga",FALSE,8,"Arkansas",TRUE
"874",2022,2022-03-20,12,"Arizona",TRUE,2628,"TCU",FALSE
"875",2022,2022-03-20,2509,"Purdue",TRUE,251,"Texas",FALSE
"876",2022,2022-03-20,2,"Auburn",FALSE,2390,"Miami",TRUE
"877",2022,2022-03-20,2641,"Texas Tech",TRUE,87,"Notre Dame",FALSE
"878",2022,2022-03-20,275,"Wisconsin",FALSE,66,"Iowa State",TRUE
"879",2022,2022-03-20,150,"Duke",TRUE,127,"Michigan St",FALSE
"880",2022,2022-03-20,222,"Villanova",TRUE,194,"Ohio State",FALSE
"881",2022,2022-03-20,356,"Illinois",FALSE,248,"Houston",TRUE
"882",2022,2022-03-19,2250,"Gonzaga",TRUE,235,"Memphis",FALSE
"883",2022,2022-03-19,8,"Arkansas",TRUE,166,"New Mexico St",FALSE
"884",2022,2022-03-19,93,"Murray St",FALSE,2612,"Saint Peter's",TRUE
"885",2022,2022-03-19,26,"UCLA",TRUE,2608,"Saint Mary's",FALSE
"886",2022,2022-03-19,2507,"Providence",TRUE,257,"Richmond",FALSE
"887",2022,2022-03-19,2633,"Tennessee",FALSE,130,"Michigan",TRUE
"888",2022,2022-03-19,2305,"Kansas",TRUE,156,"Creighton",FALSE
"889",2022,2022-03-19,239,"Baylor",FALSE,153,"North Carolina",TRUE
"890",2022,2022-03-18,275,"Wisconsin",TRUE,2142,"Colgate",FALSE
"891",2022,2022-03-18,2550,"Seton Hall",FALSE,2628,"TCU",TRUE
"892",2022,2022-03-18,248,"Houston",TRUE,5,"UAB",FALSE
"893",2022,2022-03-18,127,"Michigan St",TRUE,2166,"Davidson",FALSE
"894",2022,2022-03-18,99,"LSU",FALSE,66,"Iowa State",TRUE
"895",2022,2022-03-18,12,"Arizona",TRUE,2750,"Wright St",FALSE
"896",2022,2022-03-18,150,"Duke",TRUE,2239,"Fullerton",FALSE
"897",2022,2022-03-18,356,"Illinois",TRUE,236,"Chattanooga",FALSE
"898",2022,2022-03-18,251,"Texas",TRUE,259,"Virginia Tech",FALSE
"899",2022,2022-03-18,333,"Alabama",FALSE,87,"Notre Dame",TRUE
"900",2022,2022-03-18,30,"USC",FALSE,2390,"Miami",TRUE
"901",2022,2022-03-18,222,"Villanova",TRUE,48,"Delaware",FALSE
"902",2022,2022-03-18,2509,"Purdue",TRUE,43,"Yale",FALSE
"903",2022,2022-03-18,2641,"Texas Tech",TRUE,147,"Montana St",FALSE
"904",2022,2022-03-18,2,"Auburn",TRUE,55,"J'Ville St",FALSE
"905",2022,2022-03-18,194,"Ohio State",TRUE,2350,"Loyola Chicago",FALSE
"906",2022,2022-03-17,2305,"Kansas",TRUE,2640,"Texas Southern",FALSE
"907",2022,2022-03-17,93,"Murray St",TRUE,2539,"San Francisco",FALSE
"908",2022,2022-03-17,26,"UCLA",TRUE,2006,"Akron",FALSE
"909",2022,2022-03-17,8,"Arkansas",TRUE,261,"Vermont",FALSE
"910",2022,2022-03-17,21,"San Diego St",FALSE,156,"Creighton",TRUE
"911",2022,2022-03-17,2608,"Saint Mary's",TRUE,84,"Indiana",FALSE
"912",2022,2022-03-17,96,"Kentucky",FALSE,2612,"Saint Peter's",TRUE
"913",2022,2022-03-17,41,"UConn",FALSE,166,"New Mexico St",TRUE
"914",2022,2022-03-17,153,"North Carolina",TRUE,269,"Marquette",FALSE
"915",2022,2022-03-17,2250,"Gonzaga",TRUE,2247,"Georgia St",FALSE
"916",2022,2022-03-17,2294,"Iowa",FALSE,257,"Richmond",TRUE
"917",2022,2022-03-17,2633,"Tennessee",TRUE,2344,"Longwood",FALSE
"918",2022,2022-03-17,239,"Baylor",TRUE,2450,"Norfolk St",FALSE
"919",2022,2022-03-17,68,"Boise St",FALSE,235,"Memphis",TRUE
"920",2022,2022-03-17,2507,"Providence",TRUE,2571,"S Dakota St",FALSE
"921",2022,2022-03-17,36,"Colorado St",FALSE,130,"Michigan",TRUE
"922",2022,2022-03-16,164,"Rutgers",FALSE,87,"Notre Dame",TRUE
"923",2022,2022-03-16,2750,"Wright St",TRUE,2803,"Bryant",FALSE
"924",2022,2022-03-15,2751,"Wyoming",FALSE,84,"Indiana",TRUE
"925",2022,2022-03-15,2640,"Texas Southern",TRUE,357,"Texas A&M-CC",FALSE
"926",2023,2023-04-03,41,"UConn",TRUE,21,"San Diego St",FALSE
"927",2023,2023-04-01,41,"UConn",TRUE,2390,"Miami",FALSE
"928",2023,2023-04-01,21,"San Diego St",TRUE,2226,"FAU",FALSE
"929",2023,2023-03-26,251,"Texas",FALSE,2390,"Miami",TRUE
"930",2023,2023-03-26,21,"San Diego St",TRUE,156,"Creighton",FALSE
"931",2023,2023-03-25,2250,"Gonzaga",FALSE,41,"UConn",TRUE
"932",2023,2023-03-25,2306,"Kansas St",FALSE,2226,"FAU",TRUE
"933",2023,2023-03-24,251,"Texas",TRUE,2752,"Xavier",FALSE
"934",2023,2023-03-24,156,"Creighton",TRUE,163,"Princeton",FALSE
"935",2023,2023-03-24,248,"Houston",FALSE,2390,"Miami",TRUE
"936",2023,2023-03-24,333,"Alabama",FALSE,21,"San Diego St",TRUE
"937",2023,2023-03-23,26,"UCLA",FALSE,2250,"Gonzaga",TRUE
"938",2023,2023-03-23,2633,"Tennessee",FALSE,2226,"FAU",TRUE
"939",2023,2023-03-23,41,"UConn",TRUE,8,"Arkansas",FALSE
"940",2023,2023-03-23,2306,"Kansas St",TRUE,127,"Michigan St",FALSE
"941",2023,2023-03-19,2250,"Gonzaga",TRUE,2628,"TCU",FALSE
"942",2023,2023-03-19,84,"Indiana",FALSE,2390,"Miami",TRUE
"943",2023,2023-03-19,2226,"FAU",TRUE,161,"Fair Dickinson",FALSE
"944",2023,2023-03-19,239,"Baylor",FALSE,156,"Creighton",TRUE
"945",2023,2023-03-19,41,"UConn",TRUE,2608,"Saint Mary's",FALSE
"946",2023,2023-03-19,269,"Marquette",FALSE,127,"Michigan St",TRUE
"947",2023,2023-03-19,2306,"Kansas St",TRUE,96,"Kentucky",FALSE
"948",2023,2023-03-19,2752,"Xavier",TRUE,221,"Pitt",FALSE
"949",2023,2023-03-18,333,"Alabama",TRUE,120,"Maryland",FALSE
"950",2023,2023-03-18,26,"UCLA",TRUE,77,"Northwestern",FALSE
"951",2023,2023-03-18,251,"Texas",TRUE,213,"Penn State",FALSE
"952",2023,2023-03-18,248,"Houston",TRUE,2,"Auburn",FALSE
"953",2023,2023-03-18,142,"Missouri",FALSE,163,"Princeton",TRUE
"954",2023,2023-03-18,2305,"Kansas",FALSE,8,"Arkansas",TRUE
"955",2023,2023-03-18,2633,"Tennessee",TRUE,150,"Duke",FALSE
"956",2023,2023-03-18,21,"San Diego St",TRUE,231,"Furman",FALSE
"957",2023,2023-03-17,84,"Indiana",TRUE,2309,"Kent State",FALSE
"958",2023,2023-03-17,2628,"TCU",TRUE,9,"Arizona St",FALSE
"959",2023,2023-03-17,2306,"Kansas St",TRUE,147,"Montana St",FALSE
"960",2023,2023-03-17,235,"Memphis",FALSE,2226,"FAU",TRUE
"961",2023,2023-03-17,2390,"Miami",TRUE,2181,"Drake",FALSE
"962",2023,2023-03-17,2250,"Gonzaga",TRUE,2253,"Grand Canyon",FALSE
"963",2023,2023-03-17,96,"Kentucky",TRUE,2507,"Providence",FALSE
"964",2023,2023-03-17,2509,"Purdue",FALSE,161,"Fair Dickinson",TRUE
"965",2023,2023-03-17,41,"UConn",TRUE,314,"Iona",FALSE
"966",2023,2023-03-17,156,"Creighton",TRUE,152,"NC State",FALSE
"967",2023,2023-03-17,66,"Iowa State",FALSE,221,"Pitt",TRUE
"968",2023,2023-03-17,269,"Marquette",TRUE,261,"Vermont",FALSE
"969",2023,2023-03-17,2608,"Saint Mary's",TRUE,2670,"VCU",FALSE
"970",2023,2023-03-17,239,"Baylor",TRUE,2540,"Santa Barbara",FALSE
"971",2023,2023-03-17,2752,"Xavier",TRUE,338,"Kennesaw St",FALSE
"972",2023,2023-03-17,127,"Michigan St",TRUE,30,"USC",FALSE
"973",2023,2023-03-16,245,"Texas A&M",FALSE,213,"Penn State",TRUE
"974",2023,2023-03-16,26,"UCLA",TRUE,2427,"UNC Asheville",FALSE
"975",2023,2023-03-16,2633,"Tennessee",TRUE,309,"Louisiana",FALSE
"976",2023,2023-03-16,248,"Houston",TRUE,94,"N Kentucky",FALSE
"977",2023,2023-03-16,251,"Texas",TRUE,2142,"Colgate",FALSE
"978",2023,2023-03-16,77,"Northwestern",TRUE,68,"Boise St",FALSE
"979",2023,2023-03-16,150,"Duke",TRUE,198,"Oral Roberts",FALSE
"980",2023,2023-03-16,2294,"Iowa",FALSE,2,"Auburn",TRUE
"981",2023,2023-03-16,8,"Arkansas",TRUE,356,"Illinois",FALSE
"982",2023,2023-03-16,12,"Arizona",FALSE,163,"Princeton",TRUE
"983",2023,2023-03-16,21,"San Diego St",TRUE,232,"Charleston",FALSE
"984",2023,2023-03-16,333,"Alabama",TRUE,357,"Texas A&M-CC",FALSE
"985",2023,2023-03-16,2305,"Kansas",TRUE,47,"Howard",FALSE
"986",2023,2023-03-16,142,"Missouri",TRUE,328,"Utah State",FALSE
"987",2023,2023-03-16,258,"Virginia",FALSE,231,"Furman",TRUE
"988",2023,2023-03-16,120,"Maryland",TRUE,277,"West Virginia",FALSE
"989",2023,2023-03-15,9,"Arizona St",TRUE,2440,"Nevada",FALSE
"990",2023,2023-03-15,2640,"Texas Southern",FALSE,161,"Fair Dickinson",TRUE
"991",2023,2023-03-14,344,"Mississippi St",FALSE,221,"Pitt",TRUE
"992",2023,2023-03-14,357,"Texas A&M-CC",TRUE,2546,"SE Missouri",FALSE
"993",2024,2024-04-08,41,"UConn",TRUE,2509,"Purdue",FALSE
"994",2024,2024-04-06,41,"UConn",TRUE,333,"Alabama",FALSE
"995",2024,2024-04-06,2509,"Purdue",TRUE,152,"NC State",FALSE
"996",2024,2024-03-31,150,"Duke",FALSE,152,"NC State",TRUE
"997",2024,2024-03-31,2509,"Purdue",TRUE,2633,"Tennessee",FALSE
"998",2024,2024-03-30,333,"Alabama",TRUE,228,"Clemson",FALSE
"999",2024,2024-03-30,41,"UConn",TRUE,356,"Illinois",FALSE
"1000",2024,2024-03-29,2633,"Tennessee",TRUE,156,"Creighton",FALSE
"1001",2024,2024-03-29,248,"Houston",FALSE,150,"Duke",TRUE
"1002",2024,2024-03-29,2509,"Purdue",TRUE,2250,"Gonzaga",FALSE
"1003",2024,2024-03-29,269,"Marquette",FALSE,152,"NC State",TRUE
"1004",2024,2024-03-28,66,"Iowa State",FALSE,356,"Illinois",TRUE
"1005",2024,2024-03-28,153,"North Carolina",FALSE,333,"Alabama",TRUE
"1006",2024,2024-03-28,41,"UConn",TRUE,21,"San Diego St",FALSE
"1007",2024,2024-03-28,12,"Arizona",FALSE,228,"Clemson",TRUE
"1008",2024,2024-03-24,21,"San Diego St",TRUE,43,"Yale",FALSE
"1009",2024,2024-03-24,248,"Houston",TRUE,245,"Texas A&M",FALSE
"1010",2024,2024-03-24,41,"UConn",TRUE,77,"Northwestern",FALSE
"1011",2024,2024-03-24,333,"Alabama",TRUE,2253,"Grand Canyon",FALSE
"1012",2024,2024-03-24,239,"Baylor",FALSE,228,"Clemson",TRUE
"1013",2024,2024-03-24,150,"Duke",TRUE,256,"James Madison",FALSE
"1014",2024,2024-03-24,2509,"Purdue",TRUE,328,"Utah State",FALSE
"1015",2024,2024-03-24,269,"Marquette",TRUE,38,"Colorado",FALSE
"1016",2024,2024-03-23,156,"Creighton",TRUE,2483,"Oregon",FALSE
"1017",2024,2024-03-23,356,"Illinois",TRUE,2184,"Duquesne",FALSE
"1018",2024,2024-03-23,2633,"Tennessee",TRUE,251,"Texas",FALSE
"1019",2024,2024-03-23,152,"NC State",TRUE,2473,"Oakland",FALSE
"1020",2024,2024-03-23,66,"Iowa State",TRUE,265,"Washington St",FALSE
"1021",2024,2024-03-23,153,"North Carolina",TRUE,127,"Michigan St",FALSE
"1022",2024,2024-03-23,2305,"Kansas",FALSE,2250,"Gonzaga",TRUE
"1023",2024,2024-03-23,12,"Arizona",TRUE,2168,"Dayton",FALSE
"1024",2024,2024-03-22,2608,"Saint Mary's",FALSE,2253,"Grand Canyon",TRUE
"1025",2024,2024-03-22,328,"Utah State",TRUE,2628,"TCU",FALSE
"1026",2024,2024-03-22,275,"Wisconsin",FALSE,256,"James Madison",TRUE
"1027",2024,2024-03-22,248,"Houston",TRUE,2344,"Longwood",FALSE
"1028",2024,2024-03-22,333,"Alabama",TRUE,232,"Charleston",FALSE
"1029",2024,2024-03-22,2509,"Purdue",TRUE,2755,"Grambling",FALSE
"1030",2024,2024-03-22,150,"Duke",TRUE,261,"Vermont",FALSE
"1031",2024,2024-03-22,158,"Nebraska",FALSE,245,"Texas A&M",TRUE
"1032",2024,2024-03-22,57,"Florida",FALSE,38,"Colorado",TRUE
"1033",2024,2024-03-22,2,"Auburn",FALSE,43,"Yale",TRUE
"1034",2024,2024-03-22,41,"UConn",TRUE,56,"Stetson",FALSE
"1035",2024,2024-03-22,228,"Clemson",TRUE,167,"New Mexico",FALSE
"1036",2024,2024-03-22,269,"Marquette",TRUE,98,"Western KY",FALSE
"1037",2024,2024-03-22,21,"San Diego St",TRUE,5,"UAB",FALSE
"1038",2024,2024-03-22,239,"Baylor",TRUE,2142,"Colgate",FALSE
"1039",2024,2024-03-22,2226,"FAU",FALSE,77,"Northwestern",TRUE
"1040",2024,2024-03-21,2305,"Kansas",TRUE,2535,"Samford",FALSE
"1041",2024,2024-03-21,265,"Washington St",TRUE,2181,"Drake",FALSE
"1042",2024,2024-03-21,2641,"Texas Tech",FALSE,152,"NC State",TRUE
"1043",2024,2024-03-21,2633,"Tennessee",TRUE,2612,"Saint Peter's",FALSE
"1044",2024,2024-03-21,2250,"Gonzaga",TRUE,2377,"McNeese",FALSE
"1045",2024,2024-03-21,66,"Iowa State",TRUE,2571,"S Dakota St",FALSE
"1046",2024,2024-03-21,96,"Kentucky",FALSE,2473,"Oakland",TRUE
"1047",2024,2024-03-21,251,"Texas",TRUE,36,"Colorado St",FALSE
"1048",2024,2024-03-21,2168,"Dayton",TRUE,2440,"Nevada",FALSE
"1049",2024,2024-03-21,2579,"South Carolina",FALSE,2483,"Oregon",TRUE
"1050",2024,2024-03-21,356,"Illinois",TRUE,2413,"Morehead St",FALSE
"1051",2024,2024-03-21,153,"North Carolina",TRUE,2681,"Wagner",FALSE
"1052",2024,2024-03-21,12,"Arizona",TRUE,299,"Long Beach St",FALSE
"1053",2024,2024-03-21,156,"Creighton",TRUE,2006,"Akron",FALSE
"1054",2024,2024-03-21,252,"BYU",FALSE,2184,"Duquesne",TRUE
"1055",2024,2024-03-21,344,"Mississippi St",FALSE,127,"Michigan St",TRUE
"1056",2024,2024-03-20,68,"Boise St",FALSE,38,"Colorado",TRUE
"1057",2024,2024-03-20,147,"Montana St",FALSE,2755,"Grambling",TRUE
"1058",2024,2024-03-19,258,"Virginia",FALSE,36,"Colorado St",TRUE
"1059",2024,2024-03-19,47,"Howard",FALSE,2681,"Wagner",TRUE
"1060",2025,2025-04-07,248,"Houston",FALSE,57,"Florida",TRUE
"1061",2025,2025-04-05,150,"Duke",FALSE,248,"Houston",TRUE
"1062",2025,2025-04-05,2,"Auburn",FALSE,57,"Florida",TRUE
"1063",2025,2025-03-30,2,"Auburn",TRUE,127,"Michigan St",FALSE
"1064",2025,2025-03-30,248,"Houston",TRUE,2633,"Tennessee",FALSE
"1065",2025,2025-03-29,150,"Duke",TRUE,333,"Alabama",FALSE
"1066",2025,2025-03-29,57,"Florida",TRUE,2641,"Texas Tech",FALSE
"1067",2025,2025-03-28,248,"Houston",TRUE,2509,"Purdue",FALSE
"1068",2025,2025-03-28,2,"Auburn",TRUE,130,"Michigan",FALSE
"1069",2025,2025-03-28,2633,"Tennessee",TRUE,96,"Kentucky",FALSE
"1070",2025,2025-03-28,127,"Michigan St",TRUE,145,"Ole Miss",FALSE
"1071",2025,2025-03-27,2641,"Texas Tech",TRUE,8,"Arkansas",FALSE
"1072",2025,2025-03-27,150,"Duke",TRUE,12,"Arizona",FALSE
"1073",2025,2025-03-27,57,"Florida",TRUE,120,"Maryland",FALSE
"1074",2025,2025-03-27,333,"Alabama",TRUE,252,"BYU",FALSE
"1075",2025,2025-03-23,12,"Arizona",TRUE,2483,"Oregon",FALSE
"1076",2025,2025-03-23,127,"Michigan St",TRUE,167,"New Mexico",FALSE
"1077",2025,2025-03-23,66,"Iowa State",FALSE,145,"Ole Miss",TRUE
"1078",2025,2025-03-23,120,"Maryland",TRUE,36,"Colorado St",FALSE
"1079",2025,2025-03-23,333,"Alabama",TRUE,2608,"Saint Mary's",FALSE
"1080",2025,2025-03-23,96,"Kentucky",TRUE,356,"Illinois",FALSE
"1081",2025,2025-03-23,150,"Duke",TRUE,239,"Baylor",FALSE
"1082",2025,2025-03-23,57,"Florida",TRUE,41,"UConn",FALSE
"1083",2025,2025-03-22,2633,"Tennessee",TRUE,26,"UCLA",FALSE
"1084",2025,2025-03-22,248,"Houston",TRUE,2250,"Gonzaga",FALSE
"1085",2025,2025-03-22,275,"Wisconsin",FALSE,252,"BYU",TRUE
"1086",2025,2025-03-22,2,"Auburn",TRUE,156,"Creighton",FALSE
"1087",2025,2025-03-22,2641,"Texas Tech",TRUE,2181,"Drake",FALSE
"1088",2025,2025-03-22,245,"Texas A&M",FALSE,130,"Michigan",TRUE
"1089",2025,2025-03-22,2599,"St John's",FALSE,8,"Arkansas",TRUE
"1090",2025,2025-03-22,2509,"Purdue",TRUE,2377,"McNeese",FALSE
"1091",2025,2025-03-21,2483,"Oregon",TRUE,2335,"Liberty",FALSE
"1092",2025,2025-03-21,127,"Michigan St",TRUE,2803,"Bryant",FALSE
"1093",2025,2025-03-21,356,"Illinois",TRUE,2752,"Xavier",FALSE
"1094",2025,2025-03-21,41,"UConn",TRUE,201,"Oklahoma",FALSE
"1095",2025,2025-03-21,12,"Arizona",TRUE,2006,"Akron",FALSE
"1096",2025,2025-03-21,269,"Marquette",FALSE,167,"New Mexico",TRUE
"1097",2025,2025-03-21,96,"Kentucky",TRUE,2653,"Troy",FALSE
"1098",2025,2025-03-21,57,"Florida",TRUE,2450,"Norfolk St",FALSE
"1099",2025,2025-03-21,120,"Maryland",TRUE,2253,"Grand Canyon",FALSE
"1100",2025,2025-03-21,145,"Ole Miss",TRUE,153,"North Carolina",FALSE
"1101",2025,2025-03-21,2608,"Saint Mary's",TRUE,238,"Vanderbilt",FALSE
"1102",2025,2025-03-21,150,"Duke",TRUE,116,"Mount St Marys",FALSE
"1103",2025,2025-03-21,235,"Memphis",FALSE,36,"Colorado St",TRUE
"1104",2025,2025-03-21,66,"Iowa State",TRUE,288,"Lipscomb",FALSE
"1105",2025,2025-03-21,333,"Alabama",TRUE,2523,"Robert Morris",FALSE
"1106",2025,2025-03-21,344,"Mississippi St",FALSE,239,"Baylor",TRUE
"1107",2025,2025-03-20,2641,"Texas Tech",TRUE,350,"UNC Wilmington",FALSE
"1108",2025,2025-03-20,130,"Michigan",TRUE,28,"UC San Diego",FALSE
"1109",2025,2025-03-20,2599,"St John's",TRUE,2437,"Omaha",FALSE
"1110",2025,2025-03-20,26,"UCLA",TRUE,328,"Utah State",FALSE
"1111",2025,2025-03-20,142,"Missouri",FALSE,2181,"Drake",TRUE
"1112",2025,2025-03-20,245,"Texas A&M",TRUE,43,"Yale",FALSE
"1113",2025,2025-03-20,2305,"Kansas",FALSE,8,"Arkansas",TRUE
"1114",2025,2025-03-20,2633,"Tennessee",TRUE,2747,"Wofford",FALSE
"1115",2025,2025-03-20,2250,"Gonzaga",TRUE,61,"Georgia",FALSE
"1116",2025,2025-03-20,252,"BYU",TRUE,2670,"VCU",FALSE
"1117",2025,2025-03-20,228,"Clemson",FALSE,2377,"McNeese",TRUE
"1118",2025,2025-03-20,2,"Auburn",TRUE,2011,"Alabama St",FALSE
"1119",2025,2025-03-20,248,"Houston",TRUE,2565,"SIUE",FALSE
"1120",2025,2025-03-20,275,"Wisconsin",TRUE,149,"Montana",FALSE
"1121",2025,2025-03-20,2509,"Purdue",TRUE,2272,"High Point",FALSE
"1122",2025,2025-03-20,97,"Louisville",FALSE,156,"Creighton",TRUE
"1123",2025,2025-03-19,251,"Texas",FALSE,2752,"Xavier",TRUE
"1124",2025,2025-03-19,44,"American",FALSE,116,"Mount St Marys",TRUE
"1125",2025,2025-03-18,21,"San Diego St",FALSE,153,"North Carolina",TRUE
"1126",2025,2025-03-18,2011,"Alabama St",TRUE,2598,"Saint Francis",FALSE
"1127",2026,2026-04-06,-1,"TBD",NA,-2,"TBD",NA
"1128",2026,2026-04-04,-1,"TBD",NA,-2,"TBD",NA
"1129",2026,2026-03-29,-1,"TBD",NA,-2,"TBD",NA
"1130",2026,2026-03-28,-1,"TBD",NA,-2,"TBD",NA
"1131",2026,2026-03-27,-1,"TBD",NA,-2,"TBD",NA
"1132",2026,2026-03-26,-1,"TBD",NA,-2,"TBD",NA
"1133",2026,2026-03-22,333,"Alabama",NA,2641,"Texas Tech",NA
"1134",2026,2026-03-22,41,"UConn",NA,26,"UCLA",NA
"1135",2026,2026-03-22,12,"Arizona",NA,328,"Utah State",NA
"1136",2026,2026-03-22,57,"Florida",NA,2294,"Iowa",NA
"1137",2026,2026-03-22,258,"Virginia",NA,2633,"Tennessee",NA
"1138",2026,2026-03-22,2305,"Kansas",NA,2599,"St John's",NA
"1139",2026,2026-03-22,66,"Iowa State",NA,96,"Kentucky",NA
"1140",2026,2026-03-22,2509,"Purdue",NA,2390,"Miami",NA
"1141",2026,2026-03-21,8,"Arkansas",NA,2272,"High Point",NA
"1142",2026,2026-03-21,158,"Nebraska",NA,238,"Vanderbilt",NA
"1143",2026,2026-03-21,356,"Illinois",NA,2670,"VCU",NA
"1144",2026,2026-03-21,2250,"Gonzaga",NA,251,"Texas",NA
"1145",2026,2026-03-21,248,"Houston",NA,245,"Texas A&M",NA
"1146",2026,2026-03-21,150,"Duke",NA,2628,"TCU",NA
"1147",2026,2026-03-21,127,"Michigan St",NA,97,"Louisville",NA
"1148",2026,2026-03-21,130,"Michigan",NA,139,"Saint Louis",NA
"1149",2026,2026-03-20,41,"UConn",TRUE,231,"Furman",FALSE
"1150",2026,2026-03-20,2305,"Kansas",TRUE,2856,"CA Baptist",FALSE
"1151",2026,2026-03-20,2390,"Miami",TRUE,142,"Missouri",FALSE
"1152",2026,2026-03-20,57,"Florida",TRUE,2504,"Prairie View",FALSE
"1153",2026,2026-03-20,2509,"Purdue",TRUE,2511,"Queens",FALSE
"1154",2026,2026-03-20,26,"UCLA",TRUE,2116,"UCF",FALSE
"1155",2026,2026-03-20,2599,"St John's",TRUE,2460,"Northern Iowa",FALSE
"1156",2026,2026-03-20,228,"Clemson",FALSE,2294,"Iowa",TRUE
"1157",2026,2026-03-20,2633,"Tennessee",TRUE,193,"Miami OH",FALSE
"1158",2026,2026-03-20,222,"Villanova",FALSE,328,"Utah State",TRUE
"1159",2026,2026-03-20,333,"Alabama",TRUE,2275,"Hofstra",FALSE
"1160",2026,2026-03-20,66,"Iowa State",TRUE,2634,"Tennessee St",FALSE
"1161",2026,2026-03-20,258,"Virginia",TRUE,2750,"Wright St",FALSE
"1162",2026,2026-03-20,12,"Arizona",TRUE,112358,"Long Island",FALSE
"1163",2026,2026-03-20,2641,"Texas Tech",TRUE,2006,"Akron",FALSE
"1164",2026,2026-03-20,96,"Kentucky",TRUE,2541,"Santa Clara",FALSE
"1165",2026,2026-03-19,2250,"Gonzaga",TRUE,338,"Kennesaw St",FALSE
"1166",2026,2026-03-19,248,"Houston",TRUE,70,"Idaho",FALSE
"1167",2026,2026-03-19,61,"Georgia",FALSE,139,"Saint Louis",TRUE
"1168",2026,2026-03-19,356,"Illinois",TRUE,219,"Penn",FALSE
"1169",2026,2026-03-19,252,"BYU",FALSE,251,"Texas",TRUE
"1170",2026,2026-03-19,2608,"Saint Mary's",FALSE,245,"Texas A&M",TRUE
"1171",2026,2026-03-19,130,"Michigan",TRUE,47,"Howard",FALSE
"1172",2026,2026-03-19,153,"North Carolina",FALSE,2670,"VCU",TRUE
"1173",2026,2026-03-19,127,"Michigan St",TRUE,2449,"N Dakota St",FALSE
"1174",2026,2026-03-19,8,"Arkansas",TRUE,62,"Hawai'i",FALSE
"1175",2026,2026-03-19,238,"Vanderbilt",TRUE,2377,"McNeese",FALSE
"1176",2026,2026-03-19,150,"Duke",TRUE,2561,"Siena",FALSE
"1177",2026,2026-03-19,275,"Wisconsin",FALSE,2272,"High Point",TRUE
"1178",2026,2026-03-19,97,"Louisville",TRUE,58,"South Florida",FALSE
"1179",2026,2026-03-19,158,"Nebraska",TRUE,2653,"Troy",FALSE
"1180",2026,2026-03-19,194,"Ohio State",FALSE,2628,"TCU",TRUE
"1181",2026,2026-03-18,2567,"SMU",FALSE,193,"Miami OH",TRUE
"1182",2026,2026-03-18,2329,"Lehigh",FALSE,2504,"Prairie View",TRUE
"1183",2026,2026-03-17,152,"NC State",FALSE,251,"Texas",TRUE
"1184",2026,2026-03-17,47,"Howard",TRUE,2378,"UMBC",FALSE
