"","season","team_id","team_name"
"1",2008,235,"Memphis"
"2",2008,153,"North Carolina"
"3",2008,2305,"Kansas"
"4",2008,26,"UCLA"
"5",2008,251,"Texas"
"6",2008,275,"Wisconsin"
"7",2008,2633,"Tennessee"
"8",2008,2752,"Xavier"
"9",2008,97,"Louisville"
"10",2008,98,"Western KY"
"11",2008,46,"Georgetown"
"12",2008,222,"Villanova"
"13",2008,221,"Pitt"
"14",2008,24,"Stanford"
"15",2008,265,"Washington St"
"16",2008,150,"Duke"
"17",2008,228,"Clemson"
"18",2008,84,"Indiana"
"19",2008,344,"Mississippi St"
"20",2008,238,"Vanderbilt"
"21",2008,201,"Oklahoma"
"22",2008,41,"UConn"
"23",2008,2086,"Butler"
"24",2008,2181,"Drake"
"25",2008,2390,"Miami"
"26",2008,2250,"Gonzaga"
"27",2008,277,"West Virginia"
"28",2008,87,"Notre Dame"
"29",2008,252,"BYU"
"30",2008,30,"USC"
"31",2008,2509,"Purdue"
"32",2008,2439,"UNLV"
"33",2008,269,"Marquette"
"34",2008,127,"Michigan St"
"35",2009,153,"North Carolina"
"36",2009,41,"UConn"
"37",2009,97,"Louisville"
"38",2009,221,"Pitt"
"39",2009,127,"Michigan St"
"40",2009,201,"Oklahoma"
"41",2009,150,"Duke"
"42",2009,235,"Memphis"
"43",2009,142,"Missouri"
"44",2009,12,"Arizona"
"45",2009,2305,"Kansas"
"46",2009,2752,"Xavier"
"47",2009,183,"Syracuse"
"48",2009,2250,"Gonzaga"
"49",2009,264,"Washington"
"50",2009,222,"Villanova"
"51",2009,52,"Florida St"
"52",2009,154,"Wake Forest"
"53",2009,194,"Ohio State"
"54",2009,103,"Boston College"
"55",2009,254,"Utah"
"56",2009,277,"West Virginia"
"57",2009,9,"Arizona St"
"58",2009,269,"Marquette"
"59",2009,197,"Oklahoma St"
"60",2009,356,"Illinois"
"61",2009,26,"UCLA"
"62",2009,228,"Clemson"
"63",2009,251,"Texas"
"64",2009,25,"California"
"65",2009,2509,"Purdue"
"66",2009,252,"BYU"
"67",2009,99,"LSU"
"68",2009,2011,"Alabama St"
"69",2010,150,"Duke"
"70",2010,127,"Michigan St"
"71",2010,96,"Kentucky"
"72",2010,2306,"Kansas St"
"73",2010,239,"Baylor"
"74",2010,194,"Ohio State"
"75",2010,277,"West Virginia"
"76",2010,183,"Syracuse"
"77",2010,2509,"Purdue"
"78",2010,221,"Pitt"
"79",2010,275,"Wisconsin"
"80",2010,120,"Maryland"
"81",2010,167,"New Mexico"
"82",2010,2305,"Kansas"
"83",2010,2633,"Tennessee"
"84",2010,2086,"Butler"
"85",2010,222,"Villanova"
"86",2010,25,"California"
"87",2010,197,"Oklahoma St"
"88",2010,2250,"Gonzaga"
"89",2010,245,"Texas A&M"
"90",2010,228,"Clemson"
"91",2010,218,"Temple"
"92",2010,2752,"Xavier"
"93",2010,251,"Texas"
"94",2010,269,"Marquette"
"95",2010,46,"Georgetown"
"96",2010,2439,"UNLV"
"97",2010,257,"Richmond"
"98",2010,238,"Vanderbilt"
"99",2010,87,"Notre Dame"
"100",2010,252,"BYU"
"101",2010,2029,"AR-Pine Bluff"
"102",2011,41,"UConn"
"103",2011,2086,"Butler"
"104",2011,153,"North Carolina"
"105",2011,2305,"Kansas"
"106",2011,57,"Florida"
"107",2011,52,"Florida St"
"108",2011,194,"Ohio State"
"109",2011,275,"Wisconsin"
"110",2011,150,"Duke"
"111",2011,21,"San Diego St"
"112",2011,87,"Notre Dame"
"113",2011,183,"Syracuse"
"114",2011,2509,"Purdue"
"115",2011,251,"Texas"
"116",2011,252,"BYU"
"117",2011,221,"Pitt"
"118",2011,257,"Richmond"
"119",2011,96,"Kentucky"
"120",2011,264,"Washington"
"121",2011,46,"Georgetown"
"122",2011,2439,"UNLV"
"123",2011,2752,"Xavier"
"124",2011,245,"Texas A&M"
"125",2011,12,"Arizona"
"126",2011,2244,"George Mason"
"127",2011,130,"Michigan"
"128",2011,2306,"Kansas St"
"129",2011,2599,"St John's"
"130",2011,2132,"Cincinnati"
"131",2011,26,"UCLA"
"132",2011,238,"Vanderbilt"
"133",2011,218,"Temple"
"134",2011,97,"Louisville"
"135",2011,277,"West Virginia"
"136",2011,30,"USC"
"137",2011,2011,"Alabama St"
"138",2011,5,"UAB"
"139",2011,2031,"Little Rock"
"140",2012,96,"Kentucky"
"141",2012,2305,"Kansas"
"142",2012,153,"North Carolina"
"143",2012,183,"Syracuse"
"144",2012,97,"Louisville"
"145",2012,239,"Baylor"
"146",2012,269,"Marquette"
"147",2012,194,"Ohio State"
"148",2012,127,"Michigan St"
"149",2012,52,"Florida St"
"150",2012,2752,"Xavier"
"151",2012,58,"South Florida"
"152",2012,57,"Florida"
"153",2012,46,"Georgetown"
"154",2012,84,"Indiana"
"155",2012,275,"Wisconsin"
"156",2012,87,"Notre Dame"
"157",2012,218,"Temple"
"158",2012,2608,"Saint Mary's"
"159",2012,130,"Michigan"
"160",2012,150,"Duke"
"161",2012,235,"Memphis"
"162",2012,142,"Missouri"
"163",2012,156,"Creighton"
"164",2012,21,"San Diego St"
"165",2012,2132,"Cincinnati"
"166",2012,2439,"UNLV"
"167",2012,66,"Iowa State"
"168",2012,2250,"Gonzaga"
"169",2012,2724,"Wichita St"
"170",2012,238,"Vanderbilt"
"171",2012,167,"New Mexico"
"172",2012,2306,"Kansas St"
"173",2012,93,"Murray St"
"174",2012,25,"California"
"175",2012,2320,"Lamar"
"176",2012,252,"BYU"
"177",2012,2400,"Miss Valley St"
"178",2013,97,"Louisville"
"179",2013,130,"Michigan"
"180",2013,57,"Florida"
"181",2013,194,"Ohio State"
"182",2013,269,"Marquette"
"183",2013,150,"Duke"
"184",2013,2305,"Kansas"
"185",2013,2724,"Wichita St"
"186",2013,84,"Indiana"
"187",2013,2390,"Miami"
"188",2013,145,"Ole Miss"
"189",2013,21,"San Diego St"
"190",2013,183,"Syracuse"
"191",2013,2250,"Gonzaga"
"192",2013,139,"Saint Louis"
"193",2013,12,"Arizona"
"194",2013,127,"Michigan St"
"195",2013,26,"UCLA"
"196",2013,87,"Notre Dame"
"197",2013,153,"North Carolina"
"198",2013,46,"Georgetown"
"199",2013,356,"Illinois"
"200",2013,2306,"Kansas St"
"201",2013,156,"Creighton"
"202",2013,152,"NC State"
"203",2013,275,"Wisconsin"
"204",2013,167,"New Mexico"
"205",2013,2670,"VCU"
"206",2013,36,"Colorado St"
"207",2013,2439,"UNLV"
"208",2013,197,"Oklahoma St"
"209",2013,235,"Memphis"
"210",2013,221,"Pitt"
"211",2013,2086,"Butler"
"212",2013,68,"Boise St"
"213",2013,256,"James Madison"
"214",2013,2393,"MTSU"
"215",2013,2335,"Liberty"
"216",2014,41,"UConn"
"217",2014,275,"Wisconsin"
"218",2014,57,"Florida"
"219",2014,130,"Michigan"
"220",2014,127,"Michigan St"
"221",2014,12,"Arizona"
"222",2014,258,"Virginia"
"223",2014,97,"Louisville"
"224",2014,66,"Iowa State"
"225",2014,24,"Stanford"
"226",2014,156,"Creighton"
"227",2014,26,"UCLA"
"228",2014,2633,"Tennessee"
"229",2014,2724,"Wichita St"
"230",2014,2305,"Kansas"
"231",2014,222,"Villanova"
"232",2014,183,"Syracuse"
"233",2014,21,"San Diego St"
"234",2014,96,"Kentucky"
"235",2014,2670,"VCU"
"236",2014,153,"North Carolina"
"237",2014,235,"Memphis"
"238",2014,2250,"Gonzaga"
"239",2014,113,"UMass"
"240",2014,167,"New Mexico"
"241",2014,239,"Baylor"
"242",2014,150,"Duke"
"243",2014,251,"Texas"
"244",2014,201,"Oklahoma"
"245",2014,139,"Saint Louis"
"246",2014,2483,"Oregon"
"247",2014,2132,"Cincinnati"
"248",2014,38,"Colorado"
"249",2014,194,"Ohio State"
"250",2014,2640,"Texas Southern"
"251",2014,2752,"Xavier"
"252",2014,116,"Mount St Mary"
"253",2015,150,"Duke"
"254",2015,96,"Kentucky"
"255",2015,97,"Louisville"
"256",2015,275,"Wisconsin"
"257",2015,201,"Oklahoma"
"258",2015,2250,"Gonzaga"
"259",2015,12,"Arizona"
"260",2015,87,"Notre Dame"
"261",2015,120,"Maryland"
"262",2015,2305,"Kansas"
"263",2015,258,"Virginia"
"264",2015,153,"North Carolina"
"265",2015,46,"Georgetown"
"266",2015,222,"Villanova"
"267",2015,2752,"Xavier"
"268",2015,26,"UCLA"
"269",2015,2507,"Providence"
"270",2015,21,"San Diego St"
"271",2015,2294,"Iowa"
"272",2015,2483,"Oregon"
"273",2015,2724,"Wichita St"
"274",2015,277,"West Virginia"
"275",2015,2460,"Northern Iowa"
"276",2015,127,"Michigan St"
"277",2015,8,"Arkansas"
"278",2015,152,"NC State"
"279",2015,254,"Utah"
"280",2015,2132,"Cincinnati"
"281",2015,2670,"VCU"
"282",2015,2567,"SMU"
"283",2015,2086,"Butler"
"284",2015,239,"Baylor"
"285",2015,66,"Iowa State"
"286",2015,68,"Boise St"
"287",2015,2454,"North Florida"
"288",2015,145,"Ole Miss"
"289",2015,2363,"Manhattan"
"290",2016,153,"North Carolina"
"291",2016,201,"Oklahoma"
"292",2016,258,"Virginia"
"293",2016,2305,"Kansas"
"294",2016,2483,"Oregon"
"295",2016,183,"Syracuse"
"296",2016,87,"Notre Dame"
"297",2016,222,"Villanova"
"298",2016,2752,"Xavier"
"299",2016,245,"Texas A&M"
"300",2016,120,"Maryland"
"301",2016,254,"Utah"
"302",2016,66,"Iowa State"
"303",2016,96,"Kentucky"
"304",2016,150,"Duke"
"305",2016,2390,"Miami"
"306",2016,2603,"Saint Joseph's"
"307",2016,251,"Texas"
"308",2016,277,"West Virginia"
"309",2016,275,"Wisconsin"
"310",2016,2294,"Iowa"
"311",2016,127,"Michigan St"
"312",2016,25,"California"
"313",2016,204,"Oregon St"
"314",2016,2168,"Dayton"
"315",2016,2550,"Seton Hall"
"316",2016,30,"USC"
"317",2016,12,"Arizona"
"318",2016,84,"Indiana"
"319",2016,2509,"Purdue"
"320",2016,239,"Baylor"
"321",2016,38,"Colorado"
"322",2016,2641,"Texas Tech"
"323",2016,130,"Michigan"
"324",2016,2582,"Southern"
"325",2016,238,"Vanderbilt"
"326",2016,526,"FGCU"
"327",2017,153,"North Carolina"
"328",2017,2250,"Gonzaga"
"329",2017,57,"Florida"
"330",2017,2305,"Kansas"
"331",2017,96,"Kentucky"
"332",2017,239,"Baylor"
"333",2017,12,"Arizona"
"334",2017,2483,"Oregon"
"335",2017,26,"UCLA"
"336",2017,150,"Duke"
"337",2017,97,"Louisville"
"338",2017,2509,"Purdue"
"339",2017,2086,"Butler"
"340",2017,52,"Florida St"
"341",2017,222,"Villanova"
"342",2017,277,"West Virginia"
"343",2017,2579,"South Carolina"
"344",2017,2390,"Miami"
"345",2017,2132,"Cincinnati"
"346",2017,2168,"Dayton"
"347",2017,156,"Creighton"
"348",2017,2567,"SMU"
"349",2017,8,"Arkansas"
"350",2017,130,"Michigan"
"351",2017,66,"Iowa State"
"352",2017,275,"Wisconsin"
"353",2017,2608,"Saint Mary's"
"354",2017,120,"Maryland"
"355",2017,77,"Northwestern"
"356",2017,135,"Minnesota"
"357",2017,258,"Virginia"
"358",2017,87,"Notre Dame"
"359",2017,2507,"Providence"
"360",2017,302,"UC Davis"
"361",2018,222,"Villanova"
"362",2018,130,"Michigan"
"363",2018,2305,"Kansas"
"364",2018,2306,"Kansas St"
"365",2018,2509,"Purdue"
"366",2018,150,"Duke"
"367",2018,2250,"Gonzaga"
"368",2018,96,"Kentucky"
"369",2018,2440,"Nevada"
"370",2018,277,"West Virginia"
"371",2018,2752,"Xavier"
"372",2018,2,"Auburn"
"373",2018,2132,"Cincinnati"
"374",2018,153,"North Carolina"
"375",2018,127,"Michigan St"
"376",2018,2641,"Texas Tech"
"377",2018,2633,"Tennessee"
"378",2018,142,"Missouri"
"379",2018,228,"Clemson"
"380",2018,2628,"TCU"
"381",2018,258,"Virginia"
"382",2018,156,"Creighton"
"383",2018,8,"Arkansas"
"384",2018,2724,"Wichita St"
"385",2018,245,"Texas A&M"
"386",2018,57,"Florida"
"387",2018,12,"Arizona"
"388",2018,259,"Virginia Tech"
"389",2018,248,"Houston"
"390",2018,2550,"Seton Hall"
"391",2018,194,"Ohio State"
"392",2018,2390,"Miami"
"393",2018,227,"Rhode Island"
"394",2018,9,"Arizona St"
"395",2018,2428,"NC Central"
"396",2018,26,"UCLA"
"397",2018,2515,"Radford"
"398",2019,258,"Virginia"
"399",2019,127,"Michigan St"
"400",2019,150,"Duke"
"401",2019,96,"Kentucky"
"402",2019,2250,"Gonzaga"
"403",2019,153,"North Carolina"
"404",2019,130,"Michigan"
"405",2019,2633,"Tennessee"
"406",2019,2483,"Oregon"
"407",2019,248,"Houston"
"408",2019,259,"Virginia Tech"
"409",2019,2641,"Texas Tech"
"410",2019,2305,"Kansas"
"411",2019,2509,"Purdue"
"412",2019,52,"Florida St"
"413",2019,99,"LSU"
"414",2019,66,"Iowa State"
"415",2019,2670,"VCU"
"416",2019,344,"Mississippi St"
"417",2019,328,"Utah State"
"418",2019,275,"Wisconsin"
"419",2019,2084,"Buffalo"
"420",2019,2306,"Kansas St"
"421",2019,145,"Ole Miss"
"422",2019,2132,"Cincinnati"
"423",2019,183,"Syracuse"
"424",2019,2747,"Wofford"
"425",2019,222,"Villanova"
"426",2019,2440,"Nevada"
"427",2019,269,"Marquette"
"428",2019,120,"Maryland"
"429",2019,2,"Auburn"
"430",2019,97,"Louisville"
"431",2019,9,"Arizona St"
"432",2019,2449,"N Dakota St"
"433",2019,2057,"Belmont"
"434",2019,2504,"Prairie View"
"435",2021,2250,"Gonzaga"
"436",2021,239,"Baylor"
"437",2021,130,"Michigan"
"438",2021,248,"Houston"
"439",2021,30,"USC"
"440",2021,333,"Alabama"
"441",2021,8,"Arkansas"
"442",2021,2350,"Loyola Chicago"
"443",2021,2305,"Kansas"
"444",2021,52,"Florida St"
"445",2021,156,"Creighton"
"446",2021,26,"UCLA"
"447",2021,2294,"Iowa"
"448",2021,197,"Oklahoma St"
"449",2021,222,"Villanova"
"450",2021,57,"Florida"
"451",2021,277,"West Virginia"
"452",2021,356,"Illinois"
"453",2021,251,"Texas"
"454",2021,252,"BYU"
"455",2021,201,"Oklahoma"
"456",2021,258,"Virginia"
"457",2021,41,"UConn"
"458",2021,99,"LSU"
"459",2021,38,"Colorado"
"460",2021,21,"San Diego St"
"461",2021,228,"Clemson"
"462",2021,2509,"Purdue"
"463",2021,153,"North Carolina"
"464",2021,2633,"Tennessee"
"465",2021,194,"Ohio State"
"466",2021,2641,"Texas Tech"
"467",2021,127,"Michigan St"
"468",2021,2450,"Norfolk St"
"469",2021,2724,"Wichita St"
"470",2021,116,"Mount St Mary"
"471",2022,2305,"Kansas"
"472",2022,150,"Duke"
"473",2022,153,"North Carolina"
"474",2022,222,"Villanova"
"475",2022,2390,"Miami"
"476",2022,26,"UCLA"
"477",2022,2509,"Purdue"
"478",2022,12,"Arizona"
"479",2022,2250,"Gonzaga"
"480",2022,2,"Auburn"
"481",2022,2641,"Texas Tech"
"482",2022,275,"Wisconsin"
"483",2022,356,"Illinois"
"484",2022,8,"Arkansas"
"485",2022,93,"Murray St"
"486",2022,2507,"Providence"
"487",2022,2633,"Tennessee"
"488",2022,239,"Baylor"
"489",2022,2550,"Seton Hall"
"490",2022,248,"Houston"
"491",2022,127,"Michigan St"
"492",2022,99,"LSU"
"493",2022,251,"Texas"
"494",2022,333,"Alabama"
"495",2022,30,"USC"
"496",2022,194,"Ohio State"
"497",2022,21,"San Diego St"
"498",2022,2608,"Saint Mary's"
"499",2022,96,"Kentucky"
"500",2022,41,"UConn"
"501",2022,2294,"Iowa"
"502",2022,68,"Boise St"
"503",2022,36,"Colorado St"
"504",2022,164,"Rutgers"
"505",2022,2750,"Wright St"
"506",2022,2751,"Wyoming"
"507",2022,2640,"Texas Southern"
"508",2023,41,"UConn"
"509",2023,21,"San Diego St"
"510",2023,251,"Texas"
"511",2023,2250,"Gonzaga"
"512",2023,2306,"Kansas St"
"513",2023,156,"Creighton"
"514",2023,248,"Houston"
"515",2023,333,"Alabama"
"516",2023,26,"UCLA"
"517",2023,2633,"Tennessee"
"518",2023,84,"Indiana"
"519",2023,2226,"FAU"
"520",2023,239,"Baylor"
"521",2023,269,"Marquette"
"522",2023,2752,"Xavier"
"523",2023,142,"Missouri"
"524",2023,2305,"Kansas"
"525",2023,2628,"TCU"
"526",2023,235,"Memphis"
"527",2023,2390,"Miami"
"528",2023,96,"Kentucky"
"529",2023,2509,"Purdue"
"530",2023,66,"Iowa State"
"531",2023,2608,"Saint Mary's"
"532",2023,127,"Michigan St"
"533",2023,245,"Texas A&M"
"534",2023,77,"Northwestern"
"535",2023,150,"Duke"
"536",2023,2294,"Iowa"
"537",2023,8,"Arkansas"
"538",2023,12,"Arizona"
"539",2023,258,"Virginia"
"540",2023,120,"Maryland"
"541",2023,9,"Arizona St"
"542",2023,2640,"Texas Southern"
"543",2023,344,"Mississippi St"
"544",2023,357,"Texas A&M-CC"
"545",2024,41,"UConn"
"546",2024,2509,"Purdue"
"547",2024,150,"Duke"
"548",2024,333,"Alabama"
"549",2024,2633,"Tennessee"
"550",2024,248,"Houston"
"551",2024,269,"Marquette"
"552",2024,66,"Iowa State"
"553",2024,153,"North Carolina"
"554",2024,12,"Arizona"
"555",2024,21,"San Diego St"
"556",2024,239,"Baylor"
"557",2024,156,"Creighton"
"558",2024,356,"Illinois"
"559",2024,152,"NC State"
"560",2024,2305,"Kansas"
"561",2024,2608,"Saint Mary's"
"562",2024,328,"Utah State"
"563",2024,275,"Wisconsin"
"564",2024,158,"Nebraska"
"565",2024,57,"Florida"
"566",2024,2,"Auburn"
"567",2024,228,"Clemson"
"568",2024,2226,"FAU"
"569",2024,265,"Washington St"
"570",2024,2641,"Texas Tech"
"571",2024,2250,"Gonzaga"
"572",2024,96,"Kentucky"
"573",2024,251,"Texas"
"574",2024,2168,"Dayton"
"575",2024,2579,"South Carolina"
"576",2024,252,"BYU"
"577",2024,344,"Mississippi St"
"578",2024,68,"Boise St"
"579",2024,147,"Montana St"
"580",2024,258,"Virginia"
"581",2024,47,"Howard"
"582",2025,248,"Houston"
"583",2025,150,"Duke"
"584",2025,2,"Auburn"
"585",2025,57,"Florida"
"586",2025,2633,"Tennessee"
"587",2025,127,"Michigan St"
"588",2025,2641,"Texas Tech"
"589",2025,333,"Alabama"
"590",2025,12,"Arizona"
"591",2025,66,"Iowa State"
"592",2025,120,"Maryland"
"593",2025,96,"Kentucky"
"594",2025,275,"Wisconsin"
"595",2025,245,"Texas A&M"
"596",2025,2599,"St John's"
"597",2025,2509,"Purdue"
"598",2025,2483,"Oregon"
"599",2025,356,"Illinois"
"600",2025,41,"UConn"
"601",2025,269,"Marquette"
"602",2025,145,"Ole Miss"
"603",2025,2608,"Saint Mary's"
"604",2025,235,"Memphis"
"605",2025,344,"Mississippi St"
"606",2025,130,"Michigan"
"607",2025,26,"UCLA"
"608",2025,142,"Missouri"
"609",2025,2305,"Kansas"
"610",2025,2250,"Gonzaga"
"611",2025,252,"BYU"
"612",2025,228,"Clemson"
"613",2025,97,"Louisville"
"614",2025,251,"Texas"
"615",2025,44,"American"
"616",2025,21,"San Diego St"
"617",2025,2011,"Alabama St"
"618",2026,-1,"TBD"
"619",2026,2390,"Miami"
"620",2026,41,"UConn"
"621",2026,2305,"Kansas"
"622",2026,57,"Florida"
"623",2026,2509,"Purdue"
"624",2026,26,"UCLA"
"625",2026,2599,"St John's"
"626",2026,228,"Clemson"
"627",2026,2633,"Tennessee"
"628",2026,222,"Villanova"
"629",2026,333,"Alabama"
"630",2026,66,"Iowa State"
"631",2026,258,"Virginia"
"632",2026,12,"Arizona"
"633",2026,2641,"Texas Tech"
"634",2026,96,"Kentucky"
"635",2026,248,"Houston"
"636",2026,2250,"Gonzaga"
"637",2026,61,"Georgia"
"638",2026,356,"Illinois"
"639",2026,2608,"Saint Mary's"
"640",2026,252,"BYU"
"641",2026,130,"Michigan"
"642",2026,153,"North Carolina"
"643",2026,8,"Arkansas"
"644",2026,127,"Michigan St"
"645",2026,238,"Vanderbilt"
"646",2026,150,"Duke"
"647",2026,275,"Wisconsin"
"648",2026,97,"Louisville"
"649",2026,158,"Nebraska"
"650",2026,194,"Ohio State"
"651",2026,2567,"SMU"
"652",2026,2329,"Lehigh"
"653",2026,152,"NC State"
"654",2026,47,"Howard"
"655",2008,2166,"Davidson"
"656",2008,8,"Arkansas"
"657",2008,301,"San Diego"
"658",2008,2561,"Siena"
"659",2008,245,"Texas A&M"
"660",2008,2306,"Kansas St"
"661",2008,250,"UT Arlington"
"662",2008,68,"Boise St"
"663",2008,2483,"Oregon"
"664",2008,116,"Mount St Mary"
"665",2008,2603,"Saint Joseph's"
"666",2008,2046,"Austin Peay"
"667",2008,2378,"UMBC"
"668",2008,6,"South Alabama"
"669",2008,2608,"Saint Mary's"
"670",2008,44,"American"
"671",2008,2400,"Miss Valley St"
"672",2008,2239,"Fullerton"
"673",2008,12,"Arizona"
"674",2008,2244,"George Mason"
"675",2008,2737,"Winthrop"
"676",2008,2057,"Belmont"
"677",2008,172,"Cornell"
"678",2008,239,"Baylor"
"679",2008,198,"Oral Roberts"
"680",2008,2309,"Kent State"
"681",2008,96,"Kentucky"
"682",2008,218,"Temple"
"683",2008,2502,"Portland St"
"684",2008,61,"Georgia"
"685",2009,2561,"Siena"
"686",2009,30,"USC"
"687",2009,325,"Cleveland St"
"688",2009,2168,"Dayton"
"689",2009,275,"Wisconsin"
"690",2009,98,"Western KY"
"691",2009,130,"Michigan"
"692",2009,245,"Texas A&M"
"693",2009,120,"Maryland"
"694",2009,2523,"Robert Morris"
"695",2009,2502,"Portland St"
"696",2009,2413,"Morehead St"
"697",2009,172,"Cornell"
"698",2009,2193,"ETSU"
"699",2009,218,"Temple"
"700",2009,2449,"N Dakota St"
"701",2009,328,"Utah State"
"702",2009,2633,"Tennessee"
"703",2009,2617,"SF Austin"
"704",2009,2670,"VCU"
"705",2009,2415,"Morgan St"
"706",2009,2066,"Binghamton"
"707",2009,2006,"Akron"
"708",2009,44,"American"
"709",2009,135,"Minnesota"
"710",2009,344,"Mississippi St"
"711",2009,2515,"Radford"
"712",2009,236,"Chattanooga"
"713",2009,2460,"Northern Iowa"
"714",2009,2463,"CSU Northridge"
"715",2009,2086,"Butler"
"716",2010,2460,"Northern Iowa"
"717",2010,2608,"Saint Mary's"
"718",2010,172,"Cornell"
"719",2010,264,"Washington"
"720",2010,142,"Missouri"
"721",2010,59,"Georgia Tech"
"722",2010,154,"Wake Forest"
"723",2010,295,"Old Dominion"
"724",2010,195,"Ohio"
"725",2010,93,"Murray St"
"726",2010,248,"Houston"
"727",2010,2540,"UCSB"
"728",2010,97,"Louisville"
"729",2010,261,"Vermont"
"730",2010,166,"New Mexico St"
"731",2010,52,"Florida St"
"732",2010,328,"Utah State"
"733",2010,2747,"Wofford"
"734",2010,2473,"Oakland"
"735",2010,2561,"Siena"
"736",2010,135,"Minnesota"
"737",2010,2415,"Morgan St"
"738",2010,149,"Montana"
"739",2010,2329,"Lehigh"
"740",2010,21,"San Diego St"
"741",2010,2193,"ETSU"
"742",2010,2638,"UTEP"
"743",2010,249,"North Texas"
"744",2010,2534,"Sam Houston"
"745",2010,2523,"Robert Morris"
"746",2010,57,"Florida"
"747",2010,2737,"Winthrop"
"748",2011,2670,"VCU"
"749",2011,269,"Marquette"
"750",2011,356,"Illinois"
"751",2011,2250,"Gonzaga"
"752",2011,2413,"Morehead St"
"753",2011,282,"Indiana St"
"754",2011,61,"Georgia"
"755",2011,2612,"Saint Peter's"
"756",2011,112358,"Long Island"
"757",2011,104,"Boston Univ"
"758",2011,2636,"UTSA"
"759",2011,2261,"Hampton"
"760",2011,235,"Memphis"
"761",2011,222,"Villanova"
"762",2011,2006,"Akron"
"763",2011,2633,"Tennessee"
"764",2011,2473,"Oakland"
"765",2011,328,"Utah State"
"766",2011,142,"Missouri"
"767",2011,127,"Michigan St"
"768",2011,2057,"Belmont"
"769",2011,2083,"Bucknell"
"770",2011,2747,"Wofford"
"771",2011,2540,"UCSB"
"772",2011,2458,"N Colorado"
"773",2011,2427,"UNC Asheville"
"774",2011,163,"Princeton"
"775",2011,213,"Penn State"
"776",2011,295,"Old Dominion"
"777",2011,228,"Clemson"
"778",2012,152,"NC State"
"779",2012,195,"Ohio"
"780",2012,2509,"Purdue"
"781",2012,2329,"Lehigh"
"782",2012,2450,"Norfolk St"
"783",2012,139,"Saint Louis"
"784",2012,38,"Colorado"
"785",2012,2670,"VCU"
"786",2012,2174,"Detroit Mercy"
"787",2012,112358,"Long Island"
"788",2012,261,"Vermont"
"789",2012,2057,"Belmont"
"790",2012,179,"St Bonaventure"
"791",2012,258,"Virginia"
"792",2012,333,"Alabama"
"793",2012,251,"Texas"
"794",2012,2352,"Loyola MD"
"795",2012,166,"New Mexico St"
"796",2012,41,"UConn"
"797",2012,2571,"S Dakota St"
"798",2012,277,"West Virginia"
"799",2012,98,"Western KY"
"800",2012,108,"Harvard"
"801",2012,299,"Long Beach St"
"802",2012,2427,"UNC Asheville"
"803",2012,149,"Montana"
"804",2012,2166,"Davidson"
"805",2012,2572,"Southern Miss"
"806",2012,36,"Colorado St"
"807",2012,314,"Iona"
"808",2013,526,"FGCU"
"809",2013,2483,"Oregon"
"810",2013,2325,"La Salle"
"811",2013,135,"Minnesota"
"812",2013,218,"Temple"
"813",2013,66,"Iowa State"
"814",2013,25,"California"
"815",2013,108,"Harvard"
"816",2013,98,"Western KY"
"817",2013,201,"Oklahoma"
"818",2013,2466,"N'Western St"
"819",2013,222,"Villanova"
"820",2013,314,"Iona"
"821",2013,38,"Colorado"
"822",2013,2132,"Cincinnati"
"823",2013,279,"Pacific"
"824",2013,399,"Albany"
"825",2013,149,"Montana"
"826",2013,2006,"Akron"
"827",2013,142,"Missouri"
"828",2013,2057,"Belmont"
"829",2013,2571,"S Dakota St"
"830",2013,2448,"NC A&T"
"831",2013,2582,"Southern"
"832",2013,2166,"Davidson"
"833",2013,2608,"Saint Mary's"
"834",2013,166,"New Mexico St"
"835",2013,2083,"Bucknell"
"836",2013,2674,"Valparaiso"
"837",2013,112358,"Long Island"
"838",2014,2168,"Dayton"
"839",2014,2617,"SF Austin"
"840",2014,2382,"Mercer"
"841",2014,108,"Harvard"
"842",2014,2449,"N Dakota St"
"843",2014,221,"Pitt"
"844",2014,202,"Tulsa"
"845",2014,2428,"NC Central"
"846",2014,2306,"Kansas St"
"847",2014,324,"Coast Car"
"848",2014,13,"Cal Poly"
"849",2014,2507,"Providence"
"850",2014,45,"G Washington"
"851",2014,197,"Oklahoma St"
"852",2014,2198,"E Kentucky"
"853",2014,309,"Louisiana"
"854",2014,2692,"Weber St"
"855",2014,158,"Nebraska"
"856",2014,166,"New Mexico St"
"857",2014,2363,"Manhattan"
"858",2014,270,"Milwaukee"
"859",2014,9,"Arizona St"
"860",2014,152,"NC State"
"861",2014,2747,"Wofford"
"862",2014,2603,"Saint Joseph's"
"863",2014,48,"Delaware"
"864",2014,399,"Albany"
"865",2014,252,"BYU"
"866",2014,2711,"W Michigan"
"867",2014,44,"American"
"868",2014,2294,"Iowa"
"869",2015,2168,"Dayton"
"870",2015,2247,"Georgia St"
"871",2015,194,"Ohio State"
"872",2015,5,"UAB"
"873",2015,2449,"N Dakota St"
"874",2015,2599,"St John's"
"875",2015,324,"Coast Car"
"876",2015,399,"Albany"
"877",2015,2166,"Davidson"
"878",2015,2523,"Robert Morris"
"879",2015,197,"Oklahoma St"
"880",2015,2674,"Valparaiso"
"881",2015,300,"UC Irvine"
"882",2015,2057,"Belmont"
"883",2015,84,"Indiana"
"884",2015,2084,"Buffalo"
"885",2015,2751,"Wyoming"
"886",2015,61,"Georgia"
"887",2015,166,"New Mexico St"
"888",2015,331,"E Washington"
"889",2015,2261,"Hampton"
"890",2015,2747,"Wofford"
"891",2015,99,"LSU"
"892",2015,2617,"SF Austin"
"893",2015,108,"Harvard"
"894",2015,2509,"Purdue"
"895",2015,322,"Lafayette"
"896",2015,251,"Texas"
"897",2015,2640,"Texas Southern"
"898",2015,111,"Northeastern"
"899",2015,252,"BYU"
"900",2016,2250,"Gonzaga"
"901",2016,2460,"Northern Iowa"
"902",2016,62,"Hawai'i"
"903",2016,2393,"MTSU"
"904",2016,2670,"VCU"
"905",2016,2617,"SF Austin"
"906",2016,2507,"Providence"
"907",2016,41,"UConn"
"908",2016,2086,"Butler"
"909",2016,2031,"Little Rock"
"910",2016,43,"Yale"
"911",2016,2724,"Wichita St"
"912",2016,2132,"Cincinnati"
"913",2016,2692,"Weber St"
"914",2016,107,"Holy Cross"
"915",2016,2739,"Green Bay"
"916",2016,221,"Pitt"
"917",2016,2571,"S Dakota St"
"918",2016,2934,"Bakersfield"
"919",2016,218,"Temple"
"920",2016,2427,"UNC Asheville"
"921",2016,2619,"Stony Brook"
"922",2016,278,"Fresno St"
"923",2016,236,"Chattanooga"
"924",2016,2084,"Buffalo"
"925",2016,2046,"Austin Peay"
"926",2016,2261,"Hampton"
"927",2016,314,"Iona"
"928",2016,350,"UNC Wilmington"
"929",2016,202,"Tulsa"
"930",2016,161,"Fair Dickinson"
"931",2017,2752,"Xavier"
"932",2017,30,"USC"
"933",2017,227,"Rhode Island"
"934",2017,127,"Michigan St"
"935",2017,2724,"Wichita St"
"936",2017,2393,"MTSU"
"937",2017,2309,"Kent State"
"938",2017,94,"N Kentucky"
"939",2017,269,"Marquette"
"940",2017,2306,"Kansas St"
"941",2017,2653,"Troy"
"942",2017,2640,"Texas Southern"
"943",2017,55,"J'Ville St"
"944",2017,314,"Iona"
"945",2017,2550,"Seton Hall"
"946",2017,166,"New Mexico St"
"947",2017,197,"Oklahoma St"
"948",2017,155,"North Dakota"
"949",2017,2440,"Nevada"
"950",2017,259,"Virginia Tech"
"951",2017,526,"FGCU"
"952",2017,261,"Vermont"
"953",2017,2670,"VCU"
"954",2017,116,"Mount St Mary"
"955",2017,238,"Vanderbilt"
"956",2017,2193,"ETSU"
"957",2017,2083,"Bucknell"
"958",2017,2571,"S Dakota St"
"959",2017,2737,"Winthrop"
"960",2017,350,"UNC Wilmington"
"961",2017,163,"Princeton"
"962",2017,2428,"NC Central"
"963",2018,2350,"Loyola Chicago"
"964",2018,52,"Florida St"
"965",2018,183,"Syracuse"
"966",2018,276,"Marshall"
"967",2018,2378,"UMBC"
"968",2018,2086,"Butler"
"969",2018,2084,"Buffalo"
"970",2018,333,"Alabama"
"971",2018,166,"New Mexico St"
"972",2018,2640,"Texas Southern"
"973",2018,232,"Charleston"
"974",2018,2083,"Bucknell"
"975",2018,251,"Texas"
"976",2018,93,"Murray St"
"977",2018,288,"Lipscomb"
"978",2018,2247,"Georgia St"
"979",2018,2239,"Fullerton"
"980",2018,2507,"Providence"
"981",2018,149,"Montana"
"982",2018,179,"St Bonaventure"
"983",2018,21,"San Diego St"
"984",2018,2617,"SF Austin"
"985",2018,2166,"Davidson"
"986",2018,152,"NC State"
"987",2018,2571,"S Dakota St"
"988",2018,314,"Iona"
"989",2018,219,"Penn"
"990",2018,2430,"UNC Greensboro"
"991",2018,2750,"Wright St"
"992",2018,201,"Oklahoma"
"993",2018,112358,"Long Island"
"994",2019,300,"UC Irvine"
"995",2019,194,"Ohio State"
"996",2019,201,"Oklahoma"
"997",2019,2335,"Liberty"
"998",2019,2116,"UCF"
"999",2019,264,"Washington"
"1000",2019,2294,"Iowa"
"1001",2019,135,"Minnesota"
"1002",2019,239,"Baylor"
"1003",2019,93,"Murray St"
"1004",2019,57,"Florida"
"1005",2019,139,"Saint Louis"
"1006",2019,314,"Iona"
"1007",2019,2247,"Georgia St"
"1008",2019,2241,"Gardner-Webb"
"1009",2019,2142,"Colgate"
"1010",2019,94,"N Kentucky"
"1011",2019,295,"Old Dominion"
"1012",2019,149,"Montana"
"1013",2019,2550,"Seton Hall"
"1014",2019,2608,"Saint Mary's"
"1015",2019,161,"Fair Dickinson"
"1016",2019,2000,"Abilene Chrstn"
"1017",2019,111,"Northeastern"
"1018",2019,71,"Bradley"
"1019",2019,261,"Vermont"
"1020",2019,166,"New Mexico St"
"1021",2019,43,"Yale"
"1022",2019,2599,"St John's"
"1023",2019,2428,"NC Central"
"1024",2019,218,"Temple"
"1025",2021,204,"Oregon St"
"1026",2021,2483,"Oregon"
"1027",2021,183,"Syracuse"
"1028",2021,198,"Oral Roberts"
"1029",2021,120,"Maryland"
"1030",2021,195,"Ohio"
"1031",2021,2000,"Abilene Chrstn"
"1032",2021,249,"North Texas"
"1033",2021,164,"Rutgers"
"1034",2021,275,"Wisconsin"
"1035",2021,142,"Missouri"
"1036",2021,2253,"Grand Canyon"
"1037",2021,2181,"Drake"
"1038",2021,314,"Iona"
"1039",2021,2540,"UCSB"
"1040",2021,2640,"Texas Southern"
"1041",2021,179,"St Bonaventure"
"1042",2021,331,"E Washington"
"1043",2021,2430,"UNC Greensboro"
"1044",2021,46,"Georgetown"
"1045",2021,2413,"Morehead St"
"1046",2021,2737,"Winthrop"
"1047",2021,325,"Cleveland St"
"1048",2021,2335,"Liberty"
"1049",2021,59,"Georgia Tech"
"1050",2021,42,"Hartford"
"1051",2021,328,"Utah State"
"1052",2021,2182,"Drexel"
"1053",2021,2142,"Colgate"
"1054",2021,259,"Virginia Tech"
"1055",2021,2026,"Appalachian St"
"1056",2022,2612,"Saint Peter's"
"1057",2022,66,"Iowa State"
"1058",2022,130,"Michigan"
"1059",2022,2628,"TCU"
"1060",2022,87,"Notre Dame"
"1061",2022,235,"Memphis"
"1062",2022,166,"New Mexico St"
"1063",2022,257,"Richmond"
"1064",2022,156,"Creighton"
"1065",2022,2142,"Colgate"
"1066",2022,5,"UAB"
"1067",2022,2166,"Davidson"
"1068",2022,2239,"Fullerton"
"1069",2022,236,"Chattanooga"
"1070",2022,259,"Virginia Tech"
"1071",2022,48,"Delaware"
"1072",2022,43,"Yale"
"1073",2022,147,"Montana St"
"1074",2022,55,"J'Ville St"
"1075",2022,2350,"Loyola Chicago"
"1076",2022,2539,"San Francisco"
"1077",2022,2006,"Akron"
"1078",2022,261,"Vermont"
"1079",2022,84,"Indiana"
"1080",2022,269,"Marquette"
"1081",2022,2247,"Georgia St"
"1082",2022,2344,"Longwood"
"1083",2022,2450,"Norfolk St"
"1084",2022,2571,"S Dakota St"
"1085",2022,2803,"Bryant"
"1086",2022,357,"Texas A&M-CC"
"1087",2023,163,"Princeton"
"1088",2023,161,"Fair Dickinson"
"1089",2023,221,"Pitt"
"1090",2023,213,"Penn State"
"1091",2023,2,"Auburn"
"1092",2023,231,"Furman"
"1093",2023,2309,"Kent State"
"1094",2023,147,"Montana St"
"1095",2023,2181,"Drake"
"1096",2023,2253,"Grand Canyon"
"1097",2023,2507,"Providence"
"1098",2023,314,"Iona"
"1099",2023,152,"NC State"
"1100",2023,261,"Vermont"
"1101",2023,2670,"VCU"
"1102",2023,2540,"Santa Barbara"
"1103",2023,338,"Kennesaw St"
"1104",2023,30,"USC"
"1105",2023,2427,"UNC Asheville"
"1106",2023,309,"Louisiana"
"1107",2023,94,"N Kentucky"
"1108",2023,2142,"Colgate"
"1109",2023,68,"Boise St"
"1110",2023,198,"Oral Roberts"
"1111",2023,356,"Illinois"
"1112",2023,232,"Charleston"
"1113",2023,47,"Howard"
"1114",2023,328,"Utah State"
"1115",2023,277,"West Virginia"
"1116",2023,2440,"Nevada"
"1117",2023,2546,"SE Missouri"
"1118",2024,43,"Yale"
"1119",2024,245,"Texas A&M"
"1120",2024,77,"Northwestern"
"1121",2024,2253,"Grand Canyon"
"1122",2024,256,"James Madison"
"1123",2024,38,"Colorado"
"1124",2024,2483,"Oregon"
"1125",2024,2184,"Duquesne"
"1126",2024,2473,"Oakland"
"1127",2024,127,"Michigan St"
"1128",2024,2628,"TCU"
"1129",2024,2344,"Longwood"
"1130",2024,232,"Charleston"
"1131",2024,2755,"Grambling"
"1132",2024,261,"Vermont"
"1133",2024,56,"Stetson"
"1134",2024,167,"New Mexico"
"1135",2024,98,"Western KY"
"1136",2024,5,"UAB"
"1137",2024,2142,"Colgate"
"1138",2024,2535,"Samford"
"1139",2024,2181,"Drake"
"1140",2024,2612,"Saint Peter's"
"1141",2024,2377,"McNeese"
"1142",2024,2571,"S Dakota St"
"1143",2024,36,"Colorado St"
"1144",2024,2440,"Nevada"
"1145",2024,2413,"Morehead St"
"1146",2024,2681,"Wagner"
"1147",2024,299,"Long Beach St"
"1148",2024,2006,"Akron"
"1149",2025,8,"Arkansas"
"1150",2025,167,"New Mexico"
"1151",2025,36,"Colorado St"
"1152",2025,239,"Baylor"
"1153",2025,156,"Creighton"
"1154",2025,2181,"Drake"
"1155",2025,2377,"McNeese"
"1156",2025,2335,"Liberty"
"1157",2025,2803,"Bryant"
"1158",2025,2752,"Xavier"
"1159",2025,201,"Oklahoma"
"1160",2025,2006,"Akron"
"1161",2025,2653,"Troy"
"1162",2025,2450,"Norfolk St"
"1163",2025,2253,"Grand Canyon"
"1164",2025,153,"North Carolina"
"1165",2025,238,"Vanderbilt"
"1166",2025,116,"Mount St Marys"
"1167",2025,288,"Lipscomb"
"1168",2025,2523,"Robert Morris"
"1169",2025,350,"UNC Wilmington"
"1170",2025,28,"UC San Diego"
"1171",2025,2437,"Omaha"
"1172",2025,328,"Utah State"
"1173",2025,43,"Yale"
"1174",2025,2747,"Wofford"
"1175",2025,61,"Georgia"
"1176",2025,2670,"VCU"
"1177",2025,2565,"SIUE"
"1178",2025,149,"Montana"
"1179",2025,2272,"High Point"
"1180",2025,2598,"Saint Francis"
"1181",2026,-2,"TBD"
"1182",2026,142,"Missouri"
"1183",2026,231,"Furman"
"1184",2026,2856,"CA Baptist"
"1185",2026,2511,"Queens"
"1186",2026,2116,"UCF"
"1187",2026,2460,"Northern Iowa"
"1188",2026,2294,"Iowa"
"1189",2026,328,"Utah State"
"1190",2026,2275,"Hofstra"
"1191",2026,2634,"Tennessee St"
"1192",2026,2750,"Wright St"
"1193",2026,112358,"Long Island"
"1194",2026,2006,"Akron"
"1195",2026,2541,"Santa Clara"
"1196",2026,70,"Idaho"
"1197",2026,338,"Kennesaw St"
"1198",2026,139,"Saint Louis"
"1199",2026,219,"Penn"
"1200",2026,245,"Texas A&M"
"1201",2026,251,"Texas"
"1202",2026,2670,"VCU"
"1203",2026,62,"Hawai'i"
"1204",2026,2449,"N Dakota St"
"1205",2026,2377,"McNeese"
"1206",2026,2561,"Siena"
"1207",2026,2272,"High Point"
"1208",2026,58,"South Florida"
"1209",2026,2653,"Troy"
"1210",2026,2628,"TCU"
"1211",2026,193,"Miami OH"
"1212",2026,2504,"Prairie View"
"1213",2026,2378,"UMBC"
