season,team_id,team_name,womens_team_tourney_flag
2008,44,American,
2008,12,Arizona,
2008,8,Arkansas,
2008,2046,Austin Peay,
2008,239,Baylor,1
2008,2057,Belmont,
2008,68,Boise St,
2008,2086,Butler,
2008,252,BYU,
2008,228,Clemson,
2008,172,Cornell,1
2008,2166,Davidson,
2008,2181,Drake,
2008,150,Duke,
2008,2239,Fullerton,
2008,2244,George Mason,
2008,46,Georgetown,
2008,61,Georgia,1
2008,2250,Gonzaga,
2008,84,Indiana,
2008,2305,Kansas,
2008,2306,Kansas St,1
2008,2309,Kent State,
2008,96,Kentucky,
2008,97,Louisville,1
2008,269,Marquette,
2008,235,Memphis,
2008,2390,Miami,
2008,127,Michigan St,
2008,2400,Miss Valley St,
2008,344,Mississippi St,
2008,116,Mount St Mary,
2008,153,North Carolina,1
2008,87,Notre Dame,1
2009,2006,Akron,
2009,2011,Alabama St,
2009,44,American,
2009,12,Arizona,
2009,9,Arizona St,1
2009,2066,Binghamton,
2009,103,Boston College,
2009,2086,Butler,
2009,252,BYU,
2009,25,California,1
2009,236,Chattanooga,
2009,228,Clemson,
2009,325,Cleveland St,
2009,172,Cornell,
2009,2463,CSU Northridge,
2009,2168,Dayton,
2009,150,Duke,1
2009,2193,ETSU,1
2009,52,Florida St,1
2009,2250,Gonzaga,1
2009,356,Illinois,
2009,2305,Kansas,
2009,97,Louisville,1
2009,99,LSU,1
2009,269,Marquette,
2009,120,Maryland,1
2009,235,Memphis,
2009,130,Michigan,
2009,127,Michigan St,1
2009,135,Minnesota,1
2009,344,Mississippi St,1
2009,142,Missouri,
2009,2413,Morehead St,
2009,2415,Morgan St,
2010,2029,AR-Pine Bluff,
2010,239,Baylor,1
2010,2086,Butler,
2010,252,BYU,
2010,25,California,
2010,228,Clemson,
2010,172,Cornell,
2010,150,Duke,1
2010,2193,ETSU,1
2010,57,Florida,
2010,52,Florida St,1
2010,46,Georgetown,1
2010,59,Georgia Tech,1
2010,2250,Gonzaga,1
2010,248,Houston,
2010,2305,Kansas,
2010,2306,Kansas St,
2010,96,Kentucky,1
2010,2329,Lehigh,1
2010,97,Louisville,
2010,269,Marquette,
2010,120,Maryland,
2010,127,Michigan St,1
2010,135,Minnesota,
2010,142,Missouri,
2010,149,Montana,
2010,2415,Morgan St,
2010,93,Murray St,
2010,167,New Mexico,
2010,166,New Mexico St,
2010,249,North Texas,
2010,2460,Northern Iowa,1
2010,87,Notre Dame,1
2011,2006,Akron,
2011,2011,Alabama St,
2011,12,Arizona,
2011,2057,Belmont,
2011,104,Boston Univ,
2011,2083,Bucknell,
2011,2086,Butler,
2011,252,BYU,
2011,2132,Cincinnati,
2011,228,Clemson,
2011,150,Duke,1
2011,57,Florida,
2011,52,Florida St,1
2011,2244,George Mason,
2011,46,Georgetown,1
2011,61,Georgia,1
2011,2250,Gonzaga,1
2011,2261,Hampton,1
2011,356,Illinois,
2011,282,Indiana St,
2011,2305,Kansas,
2011,2306,Kansas St,1
2011,96,Kentucky,1
2011,2031,Little Rock,1
2011,112358,Long Island,
2011,97,Louisville,1
2011,269,Marquette,1
2011,235,Memphis,
2011,130,Michigan,
2011,127,Michigan St,1
2011,142,Missouri,
2011,2413,Morehead St,
2011,2458,N Colorado,
2011,153,North Carolina,1
2011,87,Notre Dame,1
2011,2473,Oakland,
2011,194,Ohio State,1
2011,295,Old Dominion,
2012,333,Alabama,
2012,239,Baylor,1
2012,2057,Belmont,
2012,252,BYU,1
2012,25,California,1
2012,2132,Cincinnati,
2012,38,Colorado,
2012,36,Colorado St,
2012,156,Creighton,1
2012,2166,Davidson,
2012,2174,Detroit Mercy,
2012,150,Duke,1
2012,57,Florida,1
2012,52,Florida St,
2012,46,Georgetown,1
2012,2250,Gonzaga,1
2012,108,Harvard,
2012,84,Indiana,
2012,314,Iona,
2012,66,Iowa State,1
2012,2305,Kansas,1
2012,2306,Kansas St,1
2012,96,Kentucky,1
2012,2320,Lamar,
2012,2329,Lehigh,
2012,299,Long Beach St,
2012,112358,Long Island,
2012,97,Louisville,1
2012,2352,Loyola MD,
2012,269,Marquette,
2012,235,Memphis,
2012,130,Michigan,1
2012,127,Michigan St,1
2012,2400,Miss Valley St,
2012,142,Missouri,
2012,149,Montana,
2012,93,Murray St,
2012,152,NC State,
2013,2006,Akron,
2013,399,Albany,1
2013,12,Arizona,
2013,2057,Belmont,
2013,68,Boise St,
2013,2083,Bucknell,
2013,2086,Butler,
2013,25,California,1
2013,2132,Cincinnati,
2013,38,Colorado,1
2013,36,Colorado St,
2013,156,Creighton,1
2013,2166,Davidson,
2013,150,Duke,1
2013,526,FGCU,
2013,57,Florida,
2013,46,Georgetown,
2013,2250,Gonzaga,1
2013,108,Harvard,
2013,356,Illinois,
2013,84,Indiana,
2013,314,Iona,
2013,66,Iowa State,1
2013,256,James Madison,
2013,2305,Kansas,1
2013,2306,Kansas St,
2013,2325,La Salle,
2013,2335,Liberty,1
2013,112358,Long Island,
2013,97,Louisville,1
2013,269,Marquette,
2013,235,Memphis,
2013,2390,Miami,1
2013,130,Michigan,1
2013,127,Michigan St,1
2013,135,Minnesota,
2013,142,Missouri,
2013,149,Montana,1
2014,399,Albany,1
2014,44,American,
2014,12,Arizona,
2014,9,Arizona St,1
2014,239,Baylor,1
2014,252,BYU,1
2014,13,Cal Poly,
2014,2132,Cincinnati,
2014,324,Coast Car,
2014,38,Colorado,
2014,156,Creighton,
2014,2168,Dayton,1
2014,48,Delaware,
2014,150,Duke,1
2014,2198,E Kentucky,
2014,57,Florida,1
2014,45,G Washington,
2014,2250,Gonzaga,1
2014,108,Harvard,
2014,2294,Iowa,1
2014,66,Iowa State,1
2014,2305,Kansas,
2014,2306,Kansas St,
2014,96,Kentucky,1
2014,309,Louisiana,
2014,97,Louisville,1
2014,2363,Manhattan,
2014,235,Memphis,
2014,2382,Mercer,
2014,130,Michigan,
2014,127,Michigan St,1
2014,270,Milwaukee,
2014,116,Mount St Mary,
2014,2449,N Dakota St,
2014,2428,NC Central,
2014,152,NC State,1
2014,158,Nebraska,1
2015,399,Albany,1
2015,12,Arizona,
2015,8,Arkansas,1
2015,239,Baylor,1
2015,2057,Belmont,
2015,68,Boise St,1
2015,2084,Buffalo,
2015,2086,Butler,
2015,252,BYU,1
2015,2132,Cincinnati,
2015,324,Coast Car,
2015,2166,Davidson,
2015,2168,Dayton,1
2015,150,Duke,1
2015,331,E Washington,
2015,46,Georgetown,
2015,61,Georgia,
2015,2247,Georgia St,
2015,2250,Gonzaga,1
2015,2261,Hampton,
2015,108,Harvard,
2015,84,Indiana,
2015,2294,Iowa,1
2015,66,Iowa State,1
2015,2305,Kansas,
2015,96,Kentucky,1
2015,322,Lafayette,
2015,97,Louisville,1
2015,99,LSU,1
2015,2363,Manhattan,
2015,120,Maryland,1
2015,127,Michigan St,
2015,2449,N Dakota St,
2015,152,NC State,
2015,166,New Mexico St,1
2015,153,North Carolina,1
2015,2454,North Florida,
2016,12,Arizona,
2016,2046,Austin Peay,
2016,2934,Bakersfield,
2016,239,Baylor,1
2016,2084,Buffalo,1
2016,2086,Butler,
2016,25,California,
2016,236,Chattanooga,1
2016,2132,Cincinnati,
2016,38,Colorado,
2016,2168,Dayton,
2016,150,Duke,
2016,161,Fair Dickinson,
2016,526,FGCU,
2016,278,Fresno St,
2016,2250,Gonzaga,
2016,2739,Green Bay,1
2016,2261,Hampton,
2016,62,Hawai'i,1
2016,107,Holy Cross,
2016,84,Indiana,1
2016,314,Iona,1
2016,2294,Iowa,
2016,66,Iowa State,
2016,2305,Kansas,
2016,96,Kentucky,1
2016,2031,Little Rock,
2016,120,Maryland,1
2016,2390,Miami,1
2016,130,Michigan,
2016,127,Michigan St,1
2016,2393,MTSU,1
2016,153,North Carolina,
2016,2460,Northern Iowa,
2016,87,Notre Dame,1
2016,201,Oklahoma,1
2016,2483,Oregon,
2017,12,Arizona,
2017,8,Arkansas,
2017,239,Baylor,1
2017,2083,Bucknell,1
2017,2086,Butler,
2017,2132,Cincinnati,
2017,156,Creighton,1
2017,2168,Dayton,1
2017,150,Duke,1
2017,2193,ETSU,
2017,526,FGCU,1
2017,57,Florida,
2017,52,Florida St,1
2017,2250,Gonzaga,1
2017,314,Iona,
2017,66,Iowa State,1
2017,55,J'Ville St,
2017,2305,Kansas,
2017,2306,Kansas St,1
2017,2309,Kent State,
2017,96,Kentucky,1
2017,97,Louisville,1
2017,269,Marquette,1
2017,120,Maryland,1
2017,2390,Miami,1
2017,130,Michigan,
2017,127,Michigan St,1
2017,135,Minnesota,
2017,116,Mount St Mary,
2017,2393,MTSU,
2017,94,N Kentucky,
2017,2428,NC Central,
2017,2440,Nevada,
2017,166,New Mexico St,1
2018,333,Alabama,
2018,12,Arizona,
2018,9,Arizona St,1
2018,8,Arkansas,
2018,2,Auburn,
2018,2083,Bucknell,
2018,2084,Buffalo,1
2018,2086,Butler,
2018,232,Charleston,
2018,2132,Cincinnati,
2018,228,Clemson,
2018,156,Creighton,1
2018,2166,Davidson,
2018,150,Duke,1
2018,57,Florida,
2018,52,Florida St,1
2018,2239,Fullerton,
2018,2247,Georgia St,
2018,2250,Gonzaga,1
2018,248,Houston,
2018,314,Iona,
2018,2305,Kansas,
2018,2306,Kansas St,
2018,96,Kentucky,
2018,288,Lipscomb,
2018,112358,Long Island,
2018,2350,Loyola Chicago,
2018,276,Marshall,
2018,2390,Miami,1
2018,130,Michigan,1
2018,127,Michigan St,
2018,142,Missouri,1
2018,149,Montana,
2018,93,Murray St,
2018,2428,NC Central,
2018,152,NC State,1
2018,2440,Nevada,
2019,2000,Abilene Chrstn,1
2019,9,Arizona St,1
2019,2,Auburn,1
2019,239,Baylor,1
2019,2057,Belmont,1
2019,71,Bradley,
2019,2084,Buffalo,1
2019,2132,Cincinnati,
2019,2142,Colgate,
2019,150,Duke,
2019,161,Fair Dickinson,
2019,57,Florida,
2019,52,Florida St,1
2019,2241,Gardner-Webb,
2019,2247,Georgia St,
2019,2250,Gonzaga,1
2019,248,Houston,
2019,314,Iona,
2019,2294,Iowa,1
2019,66,Iowa State,1
2019,2305,Kansas,
2019,2306,Kansas St,1
2019,96,Kentucky,1
2019,2335,Liberty,
2019,97,Louisville,1
2019,99,LSU,
2019,269,Marquette,1
2019,120,Maryland,1
2019,130,Michigan,1
2019,127,Michigan St,1
2019,135,Minnesota,
2019,344,Mississippi St,1
2019,149,Montana,
2019,93,Murray St,
2019,2449,N Dakota St,
2019,94,N Kentucky,
2019,2428,NC Central,
2021,2000,Abilene Chrstn,
2021,333,Alabama,1
2021,2026,Appalachian St,
2021,8,Arkansas,1
2021,239,Baylor,1
2021,252,BYU,1
2021,228,Clemson,
2021,325,Cleveland St,
2021,2142,Colgate,
2021,38,Colorado,
2021,156,Creighton,
2021,2181,Drake,
2021,2182,Drexel,1
2021,331,E Washington,
2021,57,Florida,
2021,52,Florida St,1
2021,46,Georgetown,
2021,59,Georgia Tech,1
2021,2250,Gonzaga,1
2021,2253,Grand Canyon,
2021,42,Hartford,
2021,248,Houston,
2021,356,Illinois,
2021,314,Iona,
2021,2294,Iowa,1
2021,2305,Kansas,
2021,2335,Liberty,
2021,2350,Loyola Chicago,
2021,99,LSU,
2021,120,Maryland,1
2021,130,Michigan,1
2021,127,Michigan St,1
2021,142,Missouri,
2021,2413,Morehead St,
2021,116,Mount St Mary,1
2021,2450,Norfolk St,
2022,2006,Akron,
2022,333,Alabama,
2022,12,Arizona,1
2022,8,Arkansas,1
2022,2,Auburn,
2022,239,Baylor,1
2022,68,Boise St,
2022,2803,Bryant,
2022,236,Chattanooga,
2022,2142,Colgate,
2022,36,Colorado St,
2022,156,Creighton,1
2022,2166,Davidson,
2022,48,Delaware,1
2022,150,Duke,
2022,2239,Fullerton,
2022,2247,Georgia St,
2022,2250,Gonzaga,1
2022,248,Houston,
2022,356,Illinois,
2022,84,Indiana,1
2022,2294,Iowa,1
2022,66,Iowa State,1
2022,55,J'Ville St,
2022,2305,Kansas,1
2022,96,Kentucky,1
2022,2344,Longwood,1
2022,2350,Loyola Chicago,
2022,99,LSU,1
2022,269,Marquette,
2022,235,Memphis,
2022,2390,Miami,1
2022,130,Michigan,1
2022,127,Michigan St,
2022,147,Montana St,1
2022,93,Murray St,
2022,166,New Mexico St,
2023,333,Alabama,1
2023,12,Arizona,1
2023,9,Arizona St,
2023,8,Arkansas,
2023,2,Auburn,
2023,239,Baylor,1
2023,68,Boise St,
2023,232,Charleston,
2023,2142,Colgate,
2023,156,Creighton,1
2023,2181,Drake,1
2023,150,Duke,1
2023,161,Fair Dickinson,
2023,2226,FAU,
2023,231,Furman,
2023,2250,Gonzaga,1
2023,2253,Grand Canyon,
2023,248,Houston,
2023,47,Howard,
2023,356,Illinois,1
2023,84,Indiana,1
2023,314,Iona,1
2023,2294,Iowa,1
2023,66,Iowa State,1
2023,2305,Kansas,
2023,2306,Kansas St,
2023,338,Kennesaw St,
2023,2309,Kent State,
2023,96,Kentucky,
2023,309,Louisiana,
2023,269,Marquette,1
2023,120,Maryland,1
2023,235,Memphis,
2023,2390,Miami,1
2023,127,Michigan St,
2023,344,Mississippi St,1
2023,142,Missouri,
2024,2006,Akron,
2024,333,Alabama,1
2024,12,Arizona,1
2024,2,Auburn,1
2024,239,Baylor,1
2024,68,Boise St,
2024,252,BYU,
2024,232,Charleston,
2024,228,Clemson,
2024,2142,Colgate,
2024,38,Colorado,1
2024,36,Colorado St,
2024,156,Creighton,1
2024,2168,Dayton,
2024,2181,Drake,1
2024,150,Duke,1
2024,2184,Duquesne,
2024,2226,FAU,
2024,57,Florida,
2024,2250,Gonzaga,1
2024,2755,Grambling,
2024,2253,Grand Canyon,
2024,248,Houston,
2024,47,Howard,
2024,356,Illinois,
2024,66,Iowa State,1
2024,256,James Madison,
2024,2305,Kansas,1
2024,96,Kentucky,
2024,299,Long Beach St,
2024,2344,Longwood,
2024,269,Marquette,1
2024,2377,McNeese,
2024,127,Michigan St,1
2024,344,Mississippi St,
2024,147,Montana St,
2024,2413,Morehead St,
2025,2006,Akron,
2025,333,Alabama,1
2025,2011,Alabama St,
2025,44,American,
2025,12,Arizona,
2025,8,Arkansas,
2025,2,Auburn,
2025,239,Baylor,1
2025,2803,Bryant,
2025,252,BYU,
2025,228,Clemson,
2025,36,Colorado St,
2025,156,Creighton,1
2025,2181,Drake,
2025,150,Duke,1
2025,57,Florida,
2025,61,Georgia,
2025,2250,Gonzaga,
2025,2253,Grand Canyon,1
2025,2272,High Point,1
2025,248,Houston,
2025,356,Illinois,1
2025,66,Iowa State,1
2025,2305,Kansas,
2025,96,Kentucky,1
2025,2335,Liberty,1
2025,288,Lipscomb,
2025,97,Louisville,1
2025,269,Marquette,
2025,120,Maryland,1
2025,2377,McNeese,
2025,235,Memphis,
2025,130,Michigan,1
2025,127,Michigan St,1
2025,344,Mississippi St,1
2025,142,Missouri,
2008,201,Oklahoma,1
2008,198,Oral Roberts,1
2008,2483,Oregon,
2008,221,Pitt,1
2008,2502,Portland St,
2008,2509,Purdue,1
2008,2603,Saint Joseph's,
2008,2608,Saint Mary's,
2008,301,San Diego,1
2008,2561,Siena,
2008,6,South Alabama,
2008,24,Stanford,1
2008,218,Temple,1
2008,2633,Tennessee,1
2008,251,Texas,1
2008,245,Texas A&M,1
2008,26,UCLA,
2008,41,UConn,1
2008,2378,UMBC,
2008,2439,UNLV,
2008,30,USC,
2008,250,UT Arlington,
2008,238,Vanderbilt,1
2008,222,Villanova,
2008,265,Washington St,
2008,277,West Virginia,1
2008,98,Western KY,1
2008,2737,Winthrop,
2008,275,Wisconsin,
2008,2752,Xavier,1
2009,2449,N Dakota St,
2009,153,North Carolina,1
2009,2460,Northern Iowa,
2009,194,Ohio State,1
2009,201,Oklahoma,1
2009,197,Oklahoma St,
2009,221,Pitt,1
2009,2502,Portland St,
2009,2509,Purdue,1
2009,2515,Radford,
2009,2523,Robert Morris,
2009,2617,SF Austin,
2009,2561,Siena,
2009,183,Syracuse,
2009,218,Temple,1
2009,2633,Tennessee,1
2009,251,Texas,1
2009,245,Texas A&M,1
2009,26,UCLA,
2009,41,UConn,1
2009,30,USC,
2009,254,Utah,1
2009,328,Utah State,
2009,2670,VCU,1
2009,222,Villanova,1
2009,154,Wake Forest,
2009,264,Washington,
2009,277,West Virginia,
2009,98,Western KY,
2009,275,Wisconsin,
2009,2752,Xavier,1
2010,2473,Oakland,
2010,195,Ohio,
2010,194,Ohio State,1
2010,197,Oklahoma St,1
2010,295,Old Dominion,
2010,221,Pitt,
2010,2509,Purdue,
2010,257,Richmond,
2010,2523,Robert Morris,
2010,2608,Saint Mary's,
2010,2534,Sam Houston,
2010,21,San Diego St,1
2010,2561,Siena,
2010,183,Syracuse,
2010,218,Temple,1
2010,2633,Tennessee,1
2010,251,Texas,1
2010,245,Texas A&M,1
2010,2540,UCSB,
2010,2439,UNLV,
2010,328,Utah State,
2010,2638,UTEP,
2010,238,Vanderbilt,1
2010,261,Vermont,1
2010,222,Villanova,
2010,154,Wake Forest,
2010,264,Washington,
2010,277,West Virginia,1
2010,2737,Winthrop,
2010,275,Wisconsin,1
2010,2747,Wofford,
2010,2752,Xavier,1
2011,213,Penn State,1
2011,221,Pitt,
2011,163,Princeton,1
2011,2509,Purdue,1
2011,257,Richmond,
2011,2612,Saint Peter's,
2011,21,San Diego St,
2011,2599,St John's,1
2011,183,Syracuse,
2011,218,Temple,1
2011,2633,Tennessee,1
2011,251,Texas,1
2011,245,Texas A&M,1
2011,5,UAB,
2011,26,UCLA,1
2011,41,UConn,1
2011,2540,UCSB,
2011,2427,UNC Asheville,
2011,2439,UNLV,
2011,30,USC,
2011,328,Utah State,
2011,2636,UTSA,
2011,238,Vanderbilt,1
2011,2670,VCU,
2011,222,Villanova,
2011,264,Washington,
2011,277,West Virginia,1
2011,275,Wisconsin,
2011,2747,Wofford,
2011,2752,Xavier,1
2012,167,New Mexico,
2012,166,New Mexico St,
2012,2450,Norfolk St,
2012,153,North Carolina,
2012,87,Notre Dame,1
2012,195,Ohio,
2012,194,Ohio State,1
2012,2509,Purdue,1
2012,2571,S Dakota St,1
2012,139,Saint Louis,
2012,2608,Saint Mary's,
2012,21,San Diego St,1
2012,58,South Florida,
2012,2572,Southern Miss,
2012,179,St Bonaventure,1
2012,183,Syracuse,
2012,218,Temple,
2012,251,Texas,1
2012,41,UConn,1
2012,2427,UNC Asheville,
2012,2439,UNLV,
2012,238,Vanderbilt,1
2012,2670,VCU,
2012,261,Vermont,
2012,258,Virginia,
2012,277,West Virginia,1
2012,98,Western KY,
2012,2724,Wichita St,
2012,275,Wisconsin,
2012,2752,Xavier,
2013,2393,MTSU,1
2013,2448,NC A&T,
2013,152,NC State,
2013,167,New Mexico,
2013,166,New Mexico St,
2013,153,North Carolina,1
2013,87,Notre Dame,1
2013,2466,N'Western St,
2013,194,Ohio State,
2013,201,Oklahoma,1
2013,197,Oklahoma St,1
2013,145,Ole Miss,
2013,2483,Oregon,
2013,279,Pacific,
2013,221,Pitt,
2013,2571,S Dakota St,1
2013,139,Saint Louis,
2013,2608,Saint Mary's,
2013,21,San Diego St,
2013,2582,Southern,
2013,183,Syracuse,1
2013,218,Temple,
2013,26,UCLA,1
2013,2439,UNLV,
2013,2674,Valparaiso,
2013,2670,VCU,
2013,222,Villanova,1
2013,98,Western KY,
2013,2724,Wichita St,1
2013,275,Wisconsin,
2014,167,New Mexico,
2014,166,New Mexico St,
2014,153,North Carolina,1
2014,194,Ohio State,
2014,201,Oklahoma,1
2014,197,Oklahoma St,1
2014,2483,Oregon,
2014,221,Pitt,
2014,2507,Providence,
2014,2603,Saint Joseph's,1
2014,139,Saint Louis,
2014,21,San Diego St,
2014,2617,SF Austin,
2014,24,Stanford,1
2014,183,Syracuse,1
2014,2633,Tennessee,1
2014,251,Texas,1
2014,2640,Texas Southern,
2014,202,Tulsa,
2014,26,UCLA,
2014,41,UConn,1
2014,113,UMass,
2014,2670,VCU,
2014,222,Villanova,
2014,258,Virginia,
2014,2711,W Michigan,
2014,2692,Weber St,
2014,2724,Wichita St,1
2014,275,Wisconsin,
2014,2747,Wofford,
2014,2752,Xavier,
2015,111,Northeastern,
2015,2460,Northern Iowa,
2015,87,Notre Dame,1
2015,194,Ohio State,1
2015,201,Oklahoma,1
2015,197,Oklahoma St,1
2015,145,Ole Miss,
2015,2483,Oregon,
2015,2507,Providence,
2015,2509,Purdue,
2015,2523,Robert Morris,
2015,21,San Diego St,
2015,2617,SF Austin,
2015,2567,SMU,
2015,2599,St John's,
2015,251,Texas,1
2015,2640,Texas Southern,
2015,5,UAB,
2015,300,UC Irvine,
2015,26,UCLA,
2015,254,Utah,
2015,2674,Valparaiso,
2015,2670,VCU,
2015,222,Villanova,
2015,258,Virginia,
2015,277,West Virginia,
2015,2724,Wichita St,1
2015,275,Wisconsin,
2015,2747,Wofford,
2015,2751,Wyoming,
2015,2752,Xavier,
2016,204,Oregon St,1
2016,221,Pitt,
2016,2507,Providence,
2016,2509,Purdue,1
2016,2571,S Dakota St,1
2016,2603,Saint Joseph's,
2016,2550,Seton Hall,1
2016,2617,SF Austin,
2016,2582,Southern,
2016,2619,Stony Brook,
2016,183,Syracuse,1
2016,218,Temple,
2016,251,Texas,1
2016,245,Texas A&M,1
2016,2641,Texas Tech,
2016,202,Tulsa,
2016,41,UConn,1
2016,2427,UNC Asheville,1
2016,350,UNC Wilmington,
2016,30,USC,
2016,254,Utah,
2016,238,Vanderbilt,
2016,2670,VCU,
2016,222,Villanova,
2016,258,Virginia,
2016,2692,Weber St,
2016,277,West Virginia,1
2016,2724,Wichita St,
2016,275,Wisconsin,
2016,2752,Xavier,
2016,43,Yale,
2017,153,North Carolina,
2017,155,North Dakota,
2017,77,Northwestern,
2017,87,Notre Dame,1
2017,197,Oklahoma St,
2017,2483,Oregon,1
2017,163,Princeton,
2017,2507,Providence,
2017,2509,Purdue,1
2017,227,Rhode Island,
2017,2571,S Dakota St,
2017,2608,Saint Mary's,
2017,2550,Seton Hall,
2017,2567,SMU,
2017,2579,South Carolina,1
2017,2640,Texas Southern,1
2017,2653,Troy,1
2017,302,UC Davis,
2017,26,UCLA,1
2017,350,UNC Wilmington,
2017,30,USC,
2017,238,Vanderbilt,
2017,2670,VCU,
2017,261,Vermont,
2017,222,Villanova,
2017,258,Virginia,
2017,259,Virginia Tech,
2017,277,West Virginia,1
2017,2724,Wichita St,
2017,2737,Winthrop,
2017,275,Wisconsin,
2017,2752,Xavier,
2018,166,New Mexico St,
2018,153,North Carolina,
2018,194,Ohio State,1
2018,201,Oklahoma,1
2018,219,Penn,
2018,2507,Providence,
2018,2509,Purdue,
2018,2515,Radford,
2018,227,Rhode Island,
2018,2571,S Dakota St,1
2018,21,San Diego St,
2018,2550,Seton Hall,
2018,2617,SF Austin,
2018,179,St Bonaventure,
2018,183,Syracuse,1
2018,2628,TCU,
2018,2633,Tennessee,1
2018,251,Texas,1
2018,245,Texas A&M,1
2018,2640,Texas Southern,
2018,2641,Texas Tech,
2018,26,UCLA,1
2018,2378,UMBC,
2018,2430,UNC Greensboro,
2018,222,Villanova,1
2018,258,Virginia,1
2018,259,Virginia Tech,
2018,277,West Virginia,
2018,2724,Wichita St,
2018,2750,Wright St,
2018,2752,Xavier,
2019,2440,Nevada,
2019,166,New Mexico St,1
2019,153,North Carolina,1
2019,111,Northeastern,
2019,194,Ohio State,
2019,201,Oklahoma,
2019,295,Old Dominion,
2019,145,Ole Miss,
2019,2483,Oregon,1
2019,2504,Prairie View,
2019,2509,Purdue,
2019,139,Saint Louis,
2019,2608,Saint Mary's,
2019,2550,Seton Hall,
2019,2599,St John's,
2019,183,Syracuse,1
2019,218,Temple,
2019,2633,Tennessee,1
2019,2641,Texas Tech,
2019,300,UC Irvine,
2019,2116,UCF,1
2019,328,Utah State,
2019,2670,VCU,
2019,261,Vermont,
2019,222,Villanova,
2019,258,Virginia,
2019,259,Virginia Tech,
2019,264,Washington,
2019,275,Wisconsin,
2019,2747,Wofford,
2019,43,Yale,
2021,153,North Carolina,1
2021,249,North Texas,
2021,195,Ohio,
2021,194,Ohio State,
2021,201,Oklahoma,
2021,197,Oklahoma St,1
2021,198,Oral Roberts,
2021,2483,Oregon,1
2021,204,Oregon St,1
2021,2509,Purdue,
2021,164,Rutgers,1
2021,21,San Diego St,
2021,179,St Bonaventure,
2021,183,Syracuse,1
2021,2633,Tennessee,1
2021,251,Texas,1
2021,2640,Texas Southern,
2021,2641,Texas Tech,
2021,26,UCLA,1
2021,41,UConn,1
2021,2540,UCSB,
2021,2430,UNC Greensboro,
2021,30,USC,
2021,328,Utah State,
2021,222,Villanova,
2021,258,Virginia,
2021,259,Virginia Tech,1
2021,277,West Virginia,1
2021,2724,Wichita St,
2021,2737,Winthrop,
2021,275,Wisconsin,
2022,2450,Norfolk St,
2022,153,North Carolina,1
2022,87,Notre Dame,1
2022,194,Ohio State,1
2022,2507,Providence,
2022,2509,Purdue,
2022,257,Richmond,
2022,164,Rutgers,
2022,2571,S Dakota St,
2022,2608,Saint Mary's,
2022,2612,Saint Peter's,
2022,21,San Diego St,
2022,2539,San Francisco,
2022,2550,Seton Hall,
2022,2628,TCU,
2022,2633,Tennessee,1
2022,251,Texas,1
2022,357,Texas A&M-CC,
2022,2640,Texas Southern,
2022,2641,Texas Tech,
2022,5,UAB,
2022,26,UCLA,
2022,41,UConn,1
2022,30,USC,
2022,261,Vermont,
2022,222,Villanova,1
2022,259,Virginia Tech,1
2022,275,Wisconsin,
2022,2750,Wright St,
2022,2751,Wyoming,
2022,43,Yale,
2023,147,Montana St,
2023,94,N Kentucky,
2023,152,NC State,1
2023,2440,Nevada,
2023,77,Northwestern,
2023,198,Oral Roberts,
2023,213,Penn State,
2023,221,Pitt,
2023,163,Princeton,1
2023,2507,Providence,
2023,2509,Purdue,1
2023,2608,Saint Mary's,
2023,21,San Diego St,
2023,2540,Santa Barbara,
2023,2546,SE Missouri,
2023,2628,TCU,
2023,2633,Tennessee,1
2023,251,Texas,1
2023,245,Texas A&M,
2023,357,Texas A&M-CC,
2023,2640,Texas Southern,
2023,26,UCLA,1
2023,41,UConn,1
2023,2427,UNC Asheville,
2023,30,USC,1
2023,328,Utah State,
2023,2670,VCU,
2023,261,Vermont,1
2023,258,Virginia,
2023,277,West Virginia,1
2023,2752,Xavier,
2024,152,NC State,1
2024,158,Nebraska,1
2024,2440,Nevada,
2024,167,New Mexico,
2024,153,North Carolina,1
2024,77,Northwestern,
2024,2473,Oakland,
2024,2483,Oregon,
2024,2509,Purdue,
2024,2571,S Dakota St,1
2024,2608,Saint Mary's,
2024,2612,Saint Peter's,
2024,2535,Samford,
2024,21,San Diego St,
2024,2579,South Carolina,1
2024,56,Stetson,
2024,2628,TCU,
2024,2633,Tennessee,1
2024,251,Texas,1
2024,245,Texas A&M,1
2024,2641,Texas Tech,
2024,5,UAB,
2024,41,UConn,1
2024,328,Utah State,
2024,261,Vermont,
2024,258,Virginia,
2024,2681,Wagner,
2024,265,Washington St,
2024,98,Western KY,
2024,275,Wisconsin,
2024,43,Yale,
2025,149,Montana,
2025,116,Mount St Marys,
2025,167,New Mexico,
2025,2450,Norfolk St,1
2025,153,North Carolina,1
2025,201,Oklahoma,1
2025,145,Ole Miss,1
2025,2437,Omaha,
2025,2483,Oregon,1
2025,2509,Purdue,
2025,2523,Robert Morris,
2025,2598,Saint Francis,
2025,2608,Saint Mary's,
2025,21,San Diego St,1
2025,2565,SIUE,
2025,2599,St John's,
2025,2633,Tennessee,1
2025,251,Texas,1
2025,245,Texas A&M,
2025,2641,Texas Tech,
2025,2653,Troy,
2025,28,UC San Diego,1
2025,26,UCLA,1
2025,41,UConn,1
2025,350,UNC Wilmington,
2025,328,Utah State,
2025,238,Vanderbilt,1
2025,2670,VCU,
2025,275,Wisconsin,
2025,2747,Wofford,
2025,2752,Xavier,
2025,43,Yale,
2026,2006,Akron,
2026,333,Alabama,1
2026,12,Arizona,
2026,8,Arkansas,
2026,252,BYU,
2026,2856,CA Baptist,1
2026,228,Clemson,1
2026,150,Duke,1
2026,57,Florida,
2026,231,Furman,
2026,61,Georgia,1
2026,2250,Gonzaga,1
2026,62,Hawai'i,
2026,2272,High Point,1
2026,2275,Hofstra,
2026,248,Houston,
2026,47,Howard,1
2026,70,Idaho,1
2026,356,Illinois,1
2026,2294,Iowa,1
2026,66,Iowa State,1
2026,2305,Kansas,
2026,338,Kennesaw St,
2026,96,Kentucky,1
2026,2329,Lehigh,
2026,112358,Long Island,
2026,97,Louisville,1
2026,2377,McNeese,
2026,2390,Miami,
2026,193,Miami OH,1
2026,130,Michigan,1
2026,127,Michigan St,1
2026,142,Missouri,
2026,2449,N Dakota St,
2026,152,NC State,1
2026,158,Nebraska,1
2026,153,North Carolina,1
2026,2460,Northern Iowa,
2026,194,Ohio State,1
2026,219,Penn,
2026,2504,Prairie View,
2026,2509,Purdue,
2026,2511,Queens,
2026,139,Saint Louis,
2026,2608,Saint Mary's,
2026,2541,Santa Clara,
2026,2561,Siena,
2026,2567,SMU,
2026,58,South Florida,
2026,2599,St John's,
2026,2628,TCU,1
2026,2633,Tennessee,1
2026,2634,Tennessee St,
2026,251,Texas,1
2026,245,Texas A&M,
2026,2641,Texas Tech,1
2026,2653,Troy,
2026,2116,UCF,
2026,26,UCLA,1
2026,41,UConn,1
2026,2378,UMBC,
2026,328,Utah State,
2026,238,Vanderbilt,1
2026,2670,VCU,
2026,222,Villanova,1
2026,258,Virginia,1
2026,275,Wisconsin,
2026,2750,Wright St,
